date,n_trades_total,bot_share,retail_share,sophisticated_share,bot_share_ma4w,bot_share_ma13w,bot_share_ma52w,bot_share_z52w
2022-12-12,649,1.0,0.0,0.0,1.0,1.0,1.0,
2022-12-19,354,1.0,0.0,0.0,1.0,1.0,1.0,
2023-01-02,286,1.0,0.0,0.0,1.0,1.0,1.0,
2023-01-09,490,1.0,0.0,0.0,1.0,1.0,1.0,
2023-01-16,812,1.0,0.0,0.0,1.0,1.0,1.0,
2023-01-23,788,1.0,0.0,0.0,1.0,1.0,1.0,
2023-01-30,1164,1.0,0.0,0.0,1.0,1.0,1.0,
2023-02-06,1294,1.0,0.0,0.0,1.0,1.0,1.0,
2023-02-13,1349,1.0,0.0,0.0,1.0,1.0,1.0,
2023-02-20,1504,1.0,0.0,0.0,1.0,1.0,1.0,
2023-02-27,2522,0.9111816019032514,0.08881839809674862,0.0,0.9777954004758128,0.9919256001730229,0.9919256001730229,
2023-03-06,5819,0.7764220656470184,0.15569685512974737,0.06788107922323423,0.9219009168875675,0.9739669722958558,0.9739669722958558,
2023-03-13,7230,0.6639004149377593,0.25905947441217153,0.07704011065006916,0.8378760206220073,0.9501156986529253,0.9501156986529253,-2.664255420022992
2023-03-20,5956,0.8023841504365345,0.12827400940228342,0.069341840161182,0.7884720582311409,0.9349144794557357,0.9395634452088973,-1.2413578065550686
2023-03-27,5150,0.8149514563106796,0.09533980582524272,0.08970873786407767,0.764414521832998,0.9206799760950187,0.9312559792823496,-1.0455071130763778
2023-04-03,2393,0.863769327204346,0.0,0.13623067279565398,0.7862513372223299,0.9102006935722761,0.9270380635274743,-0.5815864975322368
2023-04-10,1587,0.8626339004410838,0.0,0.13736609955891618,0.835934708598161,0.8996340705292826,0.923249583345922,-0.5692471216125061
2023-04-17,1791,1.0,0.0,0.0,0.8853386709890274,0.8996340705292826,0.9275134953822596,0.691160015390219
2023-04-24,1479,1.0,0.0,0.0,0.9316008069113575,0.8996340705292826,0.931328574572667,0.6649732774165827
2023-05-01,1508,1.0,0.0,0.0,0.965658475110271,0.8996340705292826,0.9347621458440336,0.6415918565792843
2023-05-08,3936,0.7482215447154471,0.15345528455284552,0.09832317073170732,0.9370553861788617,0.8802664970458554,0.9258792600760058,-1.658171362524424
2023-05-15,2319,0.8572660629581716,0.0,0.14273393704182838,0.9013719019184047,0.8692869634272532,0.9227604783888315,-0.620347374069908
2023-05-22,3237,0.7494593759654,0.11893728761198641,0.13160333642261354,0.8387367459097547,0.850014607732284,0.9152256478486822,-1.5166713690821285
2023-05-29,1981,0.8904593639575972,0.0,0.10954063604240283,0.811351586899154,0.8484205894287721,0.9141937193532205,-0.22178909448953005
2023-06-05,1974,0.7102330293819655,0.17933130699088146,0.11043566362715299,0.8018544580657836,0.8433291251006911,0.9060352917543701,-1.7416753446901259
2023-06-12,1300,0.8446153846153847,0.15538461538461537,0.0,0.7986917884800868,0.8572302766143546,0.9036729876336399,-0.5329768802219033
2023-06-19,9677,0.7162343701560401,0.1591402294099411,0.1246254004340188,0.7903855370277468,0.850603370438932,0.8967308166159511,-1.5765717226256508
2023-06-26,2598,0.7474980754426482,0.15550423402617397,0.09699769053117784,0.7546452148990096,0.8454146488336988,0.8914010758597618,-1.2423393321909892
2023-07-03,2421,0.8004956629491945,0.0,0.19950433705080545,0.7772108732908168,0.8405474438909948,0.8882664064490524,-0.7632846533444416
2023-07-10,2983,0.7485752598055648,0.08649011062688569,0.16493462956754945,0.7532008420883619,0.8317737023036472,0.8836100348942696,-1.1657667897762407
2023-07-17,3656,0.7724288840262582,0.11542669584245077,0.11214442013129103,0.7672494705559165,0.8142682318441287,0.8800235461565918,-0.9305571825802655
2023-07-24,5758,0.7908996179228899,0.09135116359847169,0.11774921847863841,0.7780998561759769,0.7981835870689663,0.8772384233992886,-0.7518857886723186
2023-07-31,5206,0.7727621974644641,0.11870918171340761,0.10852862082212832,0.7711664898047943,0.7807037561046943,0.8740724771588393,-0.884997877455887
2023-08-07,5054,0.7870993272655322,0.11654135338345864,0.0963593193510091,0.7807975066697861,0.7836943547623931,0.871514443338448,-0.7423727684415845
2023-08-14,4595,0.7758433079434167,0.07072905331882481,0.15342763873775844,0.7816511126490757,0.7774310659151044,0.8687809823271614,-0.8211029663629936
2023-08-21,3486,0.7570281124497992,0.08835341365461848,0.15461847389558234,0.773183236280803,0.7780132764139042,0.8656767359416792,-0.9606262511792435
2023-08-28,2500,0.7072,0.1268,0.166,0.756792686914687,0.7639164022633198,0.8613935809162283,-1.3464003642033981
2023-09-04,2228,0.7827648114901257,0.09784560143626571,0.11938958707360861,0.7557090579708354,0.7694957701177938,0.8593244027734361,-0.6734511783935277
2023-09-11,2928,0.8176229508196722,0.07513661202185792,0.10724043715846994,0.7661539686898993,0.7674194290565851,0.8582551347746216,-0.36157592979207037
2023-09-18,3345,0.8343796711509716,0.09118086696562033,0.07443946188340807,0.7854918583651924,0.7765075291331183,0.8576582481840305,-0.20973693924612538
2023-09-25,4142,0.8389666827619507,0.07870593915982617,0.08232737807822309,0.81843352905568,0.7835435758499876,0.8572023563444675,-0.16633513368880504
2023-10-02,5516,0.8631254532269761,0.05275562001450326,0.08411892675852067,0.8385236894898926,0.7883612520252016,0.8573433824607177,0.053393949837239864
2023-10-09,6142,0.8394659719960925,0.07440573103223706,0.08612829697167046,0.8439844447839978,0.7953528452706268,0.8569276287289823,-0.16314954575062723
2023-10-16,6522,0.8020545844832874,0.11054891137687826,0.08739650413983441,0.8359031731170766,0.797631745305783,0.8556805140870346,-0.5054296978393006
2023-10-23,5262,0.7879133409350056,0.10129228430254655,0.11079437476244774,0.8231398376603404,0.7974020316913303,0.8541745769058784,-0.6288289008457696
2023-10-30,6251,0.8081906894896816,0.09198528235482323,0.09982402815549513,0.8094061467260167,0.8001273003086548,0.8531749271794393,-0.4308199109673242
2023-11-06,4882,0.8742318721835314,0.058787382220401474,0.06698074559606719,0.8180976217728765,0.8068298037638855,0.8536229472859095,0.19946716271531167
2023-11-13,7729,0.8452581187734507,0.07633587786259542,0.07840600336395394,0.8288985053454174,0.812169404596965,0.8534486800252332,-0.0801252604648346
2023-11-20,4197,0.7993805098880152,0.08386943054562783,0.11675005956635692,0.8317652975836698,0.8154272813229817,0.8523452479816164,-0.5220977296747983
2023-11-27,5625,0.8712888888888889,0.06613333333333334,0.06257777777777777,0.8475398474334714,0.8280495035452038,0.8527241207997619,0.18483209459581534
2023-12-04,5327,0.8714097991364745,0.0720856016519617,0.056504599211563734,0.8468343291717073,0.8348683487487691,0.8530905066495014,0.18417606972302253
2023-12-11,5167,0.8745887362105671,0.08496226049932262,0.040449003290110315,0.8541669835309864,0.8392503322403763,0.8535039341410603,0.2139908636708439
2023-12-18,4092,0.8729227761485826,0.07331378299120235,0.053763440860215055,0.8725525500961282,0.8422151864709618,0.851060141374687,0.22684013370762368
2023-12-25,9711,0.8694264236432911,0.06477190814540212,0.06580166821130677,0.8720869337847289,0.8445582434618343,0.8485491110601349,0.22187140740322536
2024-01-01,21003,0.7992191591677379,0.1042708184545065,0.09651002237775556,0.8540392737925447,0.8396423746880467,0.8446879410441299,-0.49501888824123313
2024-01-08,14414,0.9168863604828639,0.04051616483973914,0.042597474677396975,0.8646136798606189,0.8455977891870291,0.8430896018226465,0.8218161763354801
2024-01-15,16816,0.9206113225499524,0.025511417697431017,0.053877259752616556,0.8765358164609613,0.8547175382690801,0.8415628964870686,0.9010612176441503
2024-01-22,14271,0.9395977857192909,0.0173778992362133,0.04302431504449583,0.8940786569799613,0.866385572483256,0.8404013154432087,1.1538298706115024
2024-01-29,16768,0.9482347328244275,0.015207538167938931,0.036557729007633585,0.9313325503941337,0.8771581912013133,0.8394058295359863,1.2898692788100183
2024-02-05,19051,0.9095060626738753,0.02844995013385124,0.06204398719227337,0.9294874759418865,0.8798715904698013,0.8376655615104839,0.8772648680579751
2024-02-12,15324,0.9278256329939963,0.02982250065257113,0.04235186635343252,0.9312910535528975,0.8862229377175357,0.8362775929142146,1.149125618060399
2024-02-19,19629,0.9412094350196138,0.01930816648835906,0.0394823984920271,0.9316939658779783,0.8971328550353509,0.8351470051261303,1.3651791984923451
2024-02-26,24702,0.9466035138855153,0.019512590073678244,0.03388389604080641,0.9312861611432501,0.9029262877273992,0.8358281957411737,1.410758766214543
2024-03-04,13752,0.9240110529377545,0.03512216404886562,0.04086678301337987,0.93491240870922,0.9069725380198052,0.8386664454967648,1.080334290533423
2024-03-11,15595,0.9454953510740622,0.024623276691247194,0.029881372234690607,0.9393298382292365,0.912426893009305,0.8440817327301553,1.3275440095659639
2024-03-18,15194,0.9478083453994998,0.02139002237725418,0.030801632223246018,0.9409795658242079,0.9181873214132217,0.8468783518640584,1.3024990333302333
2024-03-25,13689,0.949667616334283,0.022353714661406968,0.02797866900431003,0.9417455914363999,0.9243597208509903,0.8494690472491276,1.2740692426786544
2024-04-01,14142,0.9576438976099562,0.017607127704709378,0.024748974685334466,0.9501538026044503,0.9365462391926993,0.8512743274492356,1.3288852606016053
2024-04-08,12780,0.9545383411580595,0.01784037558685446,0.02762128325508607,0.9524145501254495,0.9394425453984835,0.8530417205399468,1.2483493647957173
2024-04-15,16880,0.9593009478672986,0.014336492890995261,0.026362559241706163,0.9552877007423993,0.9424186704228947,0.8522590464604717,1.3372143348101653
2024-04-22,15551,0.9562729084946305,0.01794096842646775,0.025786123078901678,0.9569390237824862,0.9437013721748441,0.8514181408545992,1.3326054849330176
2024-04-29,18196,0.943668938228182,0.024730710046163992,0.03160035172565399,0.9534452839370426,0.9433501572059021,0.8503348512051411,1.212645217210671
2024-05-06,41883,0.9119929326934556,0.04302461619272736,0.04498245111381706,0.9428089318208916,0.943541454899716,0.853484300973949,0.7693212088494255
2024-05-13,67839,0.9244682262415425,0.04066982119429827,0.03486195256415926,0.9341007514144526,0.9432831928418348,0.8547766502678601,0.9087897068414896
2024-05-20,63777,0.9065807422738604,0.05288740455022971,0.03589068159367797,0.9216777098592601,0.9406194472460077,0.8577982150045612,0.6457670876810707
2024-05-27,78122,0.9015002176083562,0.0632088272189652,0.03184762294872123,0.9111355297043037,0.9371499629169955,0.8580105391132296,0.5748723211884338
2024-06-03,74076,0.8858469679788326,0.07751498461040013,0.03663804741076732,0.9045990385256478,0.9342142640740014,0.8613877302400924,0.33602287247091533
2024-06-10,88741,0.876967805185878,0.08249850689083964,0.04053368792328236,0.8927239332617317,0.928942914390295,0.8620098921741403,0.20551527287020313
2024-06-17,145580,0.8331089435362,0.09240280258277236,0.0723725786509136,0.8743559835773167,0.9201198834777334,0.8642574801237587,-0.4453500177313175
2024-06-24,128025,0.8301191173598906,0.10549502050380785,0.06262839289201327,0.8565107085152004,0.9109238450950878,0.865846346314475,-0.5242221536378007
2024-07-01,173276,0.820840739629262,0.09406957686003832,0.08261386458597844,0.8402591514278077,0.9004005252504191,0.8662375977890916,-0.6692943299268249
2024-07-08,297602,0.7902635062936405,0.10779497449613915,0.09889046444580346,0.8185830767047483,0.8877639994916178,0.8670392948369392,-1.1519934684100563
2024-07-15,364244,0.8032088380316491,0.13580731597500575,0.05937777973007105,0.8111080503286106,0.8757569141196447,0.8676312170293508,-0.9772513496929621
2024-07-22,328657,0.8262382970695893,0.10924154970075185,0.06244504148702142,0.8101378452560353,0.8657542517023338,0.868310807012941,-0.6443485267884963
2024-07-29,286911,0.8301494191578573,0.11276319137293446,0.05620906831735277,0.812465015138184,0.8570219810046165,0.8694144074301218,-0.6123434984825615
2024-08-05,314546,0.8596930178733794,0.09067354218460894,0.04896263185670776,0.8298223930331188,0.8529989106338414,0.870810439941811,-0.17625175102319907
2024-08-12,441757,0.870388018752391,0.08959450557659528,0.03951720063292715,0.8466171882133042,0.8488388946731374,0.8726286074573684,-0.03635434521952959
2024-08-19,495198,0.9035658463887173,0.06711254891982602,0.02882887249140748,0.8659490755430863,0.8486069796050496,0.8754466408023475,0.4721327097014071
2024-08-26,380352,0.8729781886252734,0.07722583291267036,0.048486664984014806,0.8766562679099403,0.8464129773755816,0.878634682891295,-0.10358671693878437
2024-09-02,388802,0.8789512399627574,0.07160456993533984,0.048348516725737006,0.8814708234322848,0.8458825367589604,0.880484421900384,-0.028983979770131955
2024-09-09,464674,0.8432212691047918,0.1033262028863246,0.05139947576150161,0.874679136020385,0.8432866493681075,0.8809766972520211,-0.7202755980739015
2024-09-16,568315,0.8173495332694016,0.12761232767039407,0.05383634076172545,0.8531250577405561,0.8420743870398923,0.8806491946004523,-1.199608961361448
2024-09-23,1047350,0.8243729412326347,0.1253382345920657,0.04937508951162457,0.8409737458923963,0.8416323734916419,0.8803685457248884,-1.0559011927195892
2024-09-30,1223017,0.8050771166713137,0.15346229856167168,0.04065356409600194,0.8225052150695354,0.8404197871102613,0.8792522315603566,-1.3735307417144602
2024-10-07,1574615,0.7969351238239188,0.16198626330880883,0.04043210562581964,0.8109336787493172,0.8409329884587442,0.8784343306339686,-1.4836453897049406
2024-10-14,2355280,0.793821116809891,0.16780977208654596,0.03796958323426514,0.8050515746344395,0.8402108560570706,0.8782759947171725,-1.5308792335256782
2024-10-21,2730897,0.810941240185917,0.11788324495577826,0.06938599295396347,0.8016936493727602,0.8390341593737112,0.8787188389335362,-1.2432478735887307
2024-10-28,1584660,0.8703532618984514,0.08931695127030403,0.03966781517801926,0.8180126856795445,0.8421267626614491,0.8799142730183203,-0.1783312433239701
2024-11-04,1644859,0.8629876481813943,0.10113085680900308,0.03519329012395591,0.8345258167689134,0.8423801957620657,0.879698037941356,-0.31141358053417134
2024-11-11,1537274,0.8460228950727067,0.11594224581954811,0.037444853682557566,0.8475762613346173,0.840505955479013,0.8797127451778801,-0.6279529542164275
2024-11-18,1514043,0.8584960929114959,0.1040934768695473,0.03668257770750236,0.8594649745160121,0.8370390513653805,0.8808495833129472,-0.42554336209673843
2024-11-25,1671556,0.8542256436517831,0.1102984285300642,0.034791535551306686,0.855433069954345,0.8355965479058813,0.8805214439814644,-0.4995084396620715
2024-12-02,1886820,0.8478318016556958,0.1242058065952237,0.02751242831854655,0.8516441083229204,0.8332027449591843,0.8800680209529879,-0.6102501146472371
2024-12-09,3703342,0.8932142913076891,0.09223344751848465,0.01432111860044252,0.8634419573816661,0.8370483620517148,0.8804262047048557,0.24197010977378658
2024-12-16,3588047,0.8844031307282206,0.10023363685035341,0.014740888288252634,0.8699187168358472,0.8422063310870087,0.880646980754464,0.07108282287457547
2024-12-23,1982331,0.884936471255305,0.09019028608239492,0.023685247317425797,0.8775964237367276,0.8468650641656755,0.880945250900849,0.07556113848434313
2024-12-30,1477033,0.8829322025980462,0.08525334234238503,0.029162517018915625,0.8863715239723152,0.8528539169292704,0.8825551171206624,0.007316138008957632
2025-01-06,1930557,0.8840749068792063,0.08972850840456925,0.023460068778078037,0.8840866778651946,0.8595569771642924,0.8819241276282844,0.041914567985972616
2025-01-13,1173213,0.8529491234754474,0.11719781488953838,0.02708289117150935,0.8762231760520012,0.8641052853693352,0.8806229314922362,-0.5408121530783143
2025-01-20,1012420,0.8845182829260584,0.08776891013610952,0.026385294640564192,0.8761186289696896,0.8697650578878077,0.8795637102846742,0.0981264932852579
2025-01-27,1369788,0.8785045569095363,0.09443724138333816,0.024715503420967334,0.8750117175475621,0.870392080580968,0.878222745363234,0.005687496346087545
2025-02-03,1060619,0.8378512924999458,0.1310555439795063,0.02592259803001832,0.863455813952747,0.8684585147593182,0.8768447690137352,-0.785232557347132
2025-02-10,1200291,0.8408744212861714,0.12614191058668273,0.028379784568908707,0.860437138405428,0.8680624783142001,0.8751726303270464,-0.6946994192702766
2025-02-17,1189922,0.8450402631432985,0.1229156196792731,0.0261109551718516,0.850567633459738,0.8670274144858772,0.8733232231755786,-0.5814158916335954
2025-02-24,1009341,0.8339579983375291,0.12884644535394876,0.034497756456935764,0.8394309938167362,0.8654683648463192,0.8711569632611944,-0.7779147926454804
2025-03-03,996969,0.817224005962071,0.14892840198642085,0.029660902194551687,0.8342741721822675,0.8631139190237327,0.8691033662039696,-1.0853996784679774
2025-03-10,1021832,0.7910204417164466,0.17658675790149458,0.02997165874625183,0.8218106772898363,0.8552528536705603,0.8661326948701694,-1.572804004191249
2025-03-17,938993,0.8003520793019756,0.1646891936361613,0.02830585531521534,0.8106386313295056,0.8487873881762336,0.863296997445217,-1.33396026615818
2025-03-24,945970,0.782033256868611,0.18495195407888199,0.027525185788132817,0.7976574459622761,0.8408717563003342,0.8600732597631849,-1.6641272431916372
2025-03-31,929146,0.8076265732188482,0.16773682499843942,0.02387353548312106,0.7952580877764703,0.8350790155788574,0.8571883112172021,-1.0925154071491474
2025-04-07,868326,0.8148437338050456,0.15422894166476647,0.02777758583757713,0.8012139107986201,0.8297535407269989,0.8545018764604133,-0.9098344971240058
2025-04-14,1183718,0.8592544845985277,0.10413966840075085,0.03429786486308394,0.8159395121227582,0.8302385685056973,0.8525779060129369,0.1628308374657733
2025-04-21,1001186,0.8757383742880943,0.08612885118249755,0.03681034293328113,0.8393657914776289,0.8295631909181616,0.8510291649705035,0.642612173057453
2025-04-28,1277020,0.8058370268280841,0.16259573068550218,0.030774772517266763,0.8389184048799379,0.8239733809118961,0.8483785512897324,-1.1608039648459336
2025-05-05,1217135,0.860050035534267,0.10481746067609592,0.03425914134422229,0.8502199803122432,0.8256809765299208,0.8473796494212865,0.3561845757386577
2025-05-12,1001205,0.8646251267222996,0.1045749871404957,0.030439320618654522,0.8515626408431863,0.8275079538711615,0.8462288205843779,0.5416859146620807
2025-05-19,1134327,0.8747794948017635,0.08593906342703647,0.038584111988870934,0.8513229209716036,0.8297955870756587,0.8456172581329914,0.8802567480406945
2025-05-26,972909,0.881520265513013,0.09189245859581935,0.026154552995192766,0.8702437306428358,0.8334542230122344,0.8452330282850042,1.1137986219731464
2025-06-02,1097731,0.9020151567187226,0.07262617162128063,0.02479660317509481,0.8807350109389498,0.8399766192242845,0.8455439549915404,1.7087274567636803
2025-06-09,1395449,0.9145020706596945,0.05736576542747173,0.027631249870113492,0.8932042469232984,0.8494752060660727,0.8462657677891138,1.9987005927458736
2025-06-16,1321205,0.9114770228692747,0.06428298409406565,0.02342331432290977,0.9023786289401762,0.8580232786481728,0.8477728462378269,1.8067219545806896
2025-06-23,1309771,0.8115876744866087,0.1590384884075155,0.02893177509656268,0.8848954811835752,0.8602966953880187,0.8474164723364177,-1.0082949513544495
2025-06-30,1352444,0.8078094176172914,0.16756183620172074,0.023852373924539573,0.8613440464082173,0.8603107603417451,0.8471658699900336,-1.1002547233180555
2025-07-07,1360319,0.8473622731138799,0.1330526148646016,0.019049208310697712,0.8445590970217637,0.8628121864424247,0.8482639231981152,-0.02586937161306053
2025-07-14,1422792,0.8527908506654521,0.1295136604647763,0.017512749579699633,0.829887553970808,0.8623149838321881,0.8492174234410729,0.10427109115275195
2025-07-21,1352048,0.8931140018697561,0.08853309941658875,0.018197578784185178,0.8502691358165949,0.863651570569239,0.8505034946872299,1.2299503784324581
2025-07-28,1317171,0.8776119425647847,0.10083580643667375,0.021187833622210023,0.8677197670534682,0.8691727179336006,0.8514162355219784,0.7544312162353736
2025-08-04,1472298,0.8383207747344628,0.14230067554258716,0.01917410741575415,0.8654593924586139,0.8675012363336158,0.85100523084623,-0.36503033150225905
2025-08-11,1406096,0.8591042147904553,0.12335999817935618,0.0173110513080188,0.8670377334898647,0.8670765508003968,0.8507882346161928,0.23992496340472033
2025-08-18,1351075,0.9141683474270488,0.06624354680532168,0.019393445959698757,0.8723013198791879,0.8701064625408035,0.85099212886693,1.8046858651638484
2025-08-25,1302874,0.934860930527434,0.04676737735191584,0.01800864857231014,0.8866135668698503,0.8742095906188359,0.8521821815958177,2.2481725580371834
2025-09-01,1456817,0.8999421341184239,0.08017135988940272,0.019514462008611927,0.9020189067158405,0.8740501273418897,0.8525858526372728,1.273413301415725
2025-09-08,1841945,0.9182836621071747,0.0626408497539286,0.018612933610938437,0.9168137685450203,0.8743410189916959,0.854029360195011,1.679445589495338
2025-09-15,1871397,0.8896813450058967,0.09339279693191771,0.016538981306478528,0.9106920179397323,0.8726644283868207,0.855420356574559,0.8965471454517597
2025-09-22,2354699,0.931911042557881,0.051824458242858217,0.015680560445305324,0.9099545459473442,0.881920072084611,0.8574883969846598,1.8892410306818452
2025-09-29,2750341,0.9085473401298239,0.06477451341488201,0.025804800204774606,0.9121058474501941,0.8896691430471134,0.8594782089742464,1.2483648886918857
2025-10-06,3065118,0.9117286838549119,0.058220923305399665,0.02680288328214444,0.9104671028871284,0.8946204054118081,0.8616857774363811,1.2848918817783397
2025-10-13,3806731,0.9145855065671832,0.054512651406153995,0.02892166533437745,0.91669314327745,0.8993738404811721,0.8640081695470981,1.3164990780672885
2025-10-20,4746796,0.91385873755687,0.052344570948488205,0.031034196540150452,0.9121800670271972,0.9009695893801808,0.8659873521888474,1.2505142085392849
2025-10-27,5095285,0.9093185170211283,0.05869740357997639,0.029416803966804603,0.9123728612500234,0.9034085566460534,0.8667366840181295,1.098970438683538
2025-11-03,5406935,0.9096375303198577,0.05650280611843864,0.031768090424612094,0.9118500728662597,0.908894460921853,0.867633797136177,1.0716341697324636
2025-11-10,5276775,0.8992623335275808,0.06870275878732748,0.030253706098895633,0.9080192796063592,0.911983546978555,0.8686576324910784,0.7784376263057833
2025-11-17,5932560,0.9021943309465054,0.06854309100961474,0.02763208463125531,0.905103177953768,0.911062468787744,0.8694979832225207,0.8264930419440304
2025-11-24,6946091,0.9340444863161165,0.037911826954181854,0.027033334288306905,0.911284670277515,0.9109996653868733,0.8710329609660656,1.5560839102111579
2025-12-01,8617041,0.9452157649011999,0.03242075789125293,0.021445760789579625,0.9201792289228506,0.9144822523701637,0.8729057294900178,1.7367428694448859
2025-12-08,8722574,0.9545621510347748,0.029381923271731485,0.015314630750051532,0.9340041832996492,0.9172729053645946,0.8740854960232309,1.86865012140237
2025-12-15,10447689,0.95732242795512,0.028282331145193927,0.013665893002749221,0.9477862075518028,0.9224760655914579,0.8754877902006714,1.8360845489607887
2025-12-22,10645811,0.9613450774205929,0.024865179364916397,0.013360278517061782,0.954611355327922,0.924740222119359,0.8769571864730806,1.829731423968694
2025-12-29,13019314,0.9653076191264762,0.02458270842841643,0.009803127876015586,0.959634318884241,0.9291063974267936,0.8785413290986275,1.818362671915324
2026-01-05,13021102,0.9585856865263785,0.030022113335722276,0.010880108304197295,0.9606402027571419,0.9327107822476758,0.8799742287072269,1.6047097581807308
2026-01-12,9670726,0.9479587158192674,0.03961491619140073,0.01161898289745775,0.9582992747231788,0.9352779521901439,0.8818013362523003,1.330426022871668
2026-01-19,12653729,0.9457886287907699,0.04187453358610731,0.011369612862737933,0.954410162565723,0.9377340976696745,0.8829796121343141,1.2434521942656764
2026-01-26,8725664,0.9398145516490206,0.04836835339981003,0.010481723797753386,0.9480368956963592,0.9400799464872046,0.8841586504946887,1.0887897091785057
