date,week,wallet_type,pnl,cumulative_pnl
2023-03-06,2023-W10,active_retail,205692.863816,205692.863816
2023-03-13,2023-W11,active_retail,162937.24554899998,368630.109365
2023-03-20,2023-W12,active_retail,-38712.451525,329917.65784
2023-03-27,2023-W13,active_retail,-25450.535694,304467.122146
2023-06-19,2023-W25,active_retail,-85202.263506,219264.85864
2023-07-24,2023-W30,active_retail,-31961.724108,187303.134532
2023-07-31,2023-W31,active_retail,-21790.365706,165512.76882599998
2023-08-07,2023-W32,active_retail,-5458.604666999997,160054.164159
2023-10-02,2023-W40,active_retail,-3309.0035,156745.160659
2023-10-09,2023-W41,active_retail,-13461.807927,143283.352732
2023-10-16,2023-W42,active_retail,6562.276725999997,149845.62945799998
2023-10-23,2023-W43,active_retail,-13808.48295,136037.146508
2023-10-30,2023-W44,active_retail,20511.235707,156548.382215
2023-11-13,2023-W46,active_retail,-4627.529797,151920.852418
2023-11-27,2023-W48,active_retail,-18891.086562,133029.76585599998
2023-12-04,2023-W49,active_retail,-7789.559410000002,125240.206446
2023-12-11,2023-W50,active_retail,31068.015838,156308.222284
2023-12-25,2023-W52,active_retail,-134052.137568,22256.084715999983
2024-01-01,2024-W01,active_retail,-53575.25250399998,-31319.167788
2024-01-08,2024-W02,active_retail,3597.9432159999988,-27721.224572
2024-01-15,2024-W03,active_retail,-8616.67337299999,-36337.89794499999
2024-01-22,2024-W04,active_retail,-205079.205617,-241417.10356199997
2024-01-29,2024-W05,active_retail,129944.535918,-111472.56764399998
2024-02-05,2024-W06,active_retail,-324008.274524,-435480.842168
2024-02-12,2024-W07,active_retail,53426.543366,-382054.298802
2024-02-19,2024-W08,active_retail,-220888.007192,-602942.305994
2024-02-26,2024-W09,active_retail,-142261.22157499997,-745203.5275689999
2024-03-04,2024-W10,active_retail,63715.367254,-681488.160315
2024-03-11,2024-W11,active_retail,-93342.211747,-774830.372062
2024-03-18,2024-W12,active_retail,154387.18245700002,-620443.189605
2024-03-25,2024-W13,active_retail,245352.132103,-375091.05750199995
2024-04-01,2024-W14,active_retail,-33475.302554,-408566.36005599995
2024-04-08,2024-W15,active_retail,-263189.697115,-671756.0571709999
2024-04-15,2024-W16,active_retail,-18800.926024,-690556.983195
2024-04-22,2024-W17,active_retail,74007.61796999999,-616549.365225
2024-04-29,2024-W18,active_retail,-7194.453500999999,-623743.8187259999
2024-05-06,2024-W19,active_retail,-65005.988504,-688749.8072299999
2024-05-13,2024-W20,active_retail,-908441.417547,-1597191.224777
2024-05-20,2024-W21,active_retail,-12369.184505,-1609560.4092819998
2024-05-27,2024-W22,active_retail,-76226.104541,-1685786.5138229998
2024-06-03,2024-W23,active_retail,-622926.116132,-2308712.629955
2024-06-10,2024-W24,active_retail,515253.142759,-1793459.4871959998
2024-06-17,2024-W25,active_retail,-135844.190421,-1929303.677617
2024-06-24,2024-W26,active_retail,-66417.058104,-1995720.735721
2024-07-01,2024-W27,active_retail,-564210.5165799999,-2559931.252301
2024-07-08,2024-W28,active_retail,-1437517.494122,-3997448.7464229995
2024-07-15,2024-W29,active_retail,-1271702.952736,-5269151.699159
2024-07-22,2024-W30,active_retail,-77373.90118399999,-5346525.600343
2024-07-29,2024-W31,active_retail,-58878.222552000014,-5405403.822895
2024-08-05,2024-W32,active_retail,196282.785273,-5209121.037622
2024-08-12,2024-W33,active_retail,-42769.895033000015,-5251890.932655
2024-08-19,2024-W34,active_retail,232.79012000003277,-5251658.142535
2024-08-26,2024-W35,active_retail,720979.8308609999,-4530678.311674
2024-09-02,2024-W36,active_retail,-934375.023785,-5465053.3354589995
2024-09-09,2024-W37,active_retail,378293.883359,-5086759.4521
2024-09-16,2024-W38,active_retail,-373011.017876,-5459770.469976
2024-09-23,2024-W39,active_retail,-518130.144315,-5977900.614291
2024-09-30,2024-W40,active_retail,-7563773.926034,-13541674.540325
2024-10-07,2024-W41,active_retail,-3877912.535658,-17419587.075983
2024-10-14,2024-W42,active_retail,-5641722.464741,-23061309.540724
2024-10-21,2024-W43,active_retail,-10866934.518734,-33928244.059458
2024-10-28,2024-W44,active_retail,-1026349.51811,-34954593.577568
2024-11-04,2024-W45,active_retail,-1093574.225559,-36048167.803127
2024-11-11,2024-W46,active_retail,-471992.29155,-36520160.094677
2024-11-18,2024-W47,active_retail,-349520.8378229999,-36869680.9325
2024-11-25,2024-W48,active_retail,-313882.54274500004,-37183563.475245
2024-12-02,2024-W49,active_retail,-570177.927129,-37753741.402374
2024-12-09,2024-W50,active_retail,-431198.451089,-38184939.853463
2024-12-16,2024-W51,active_retail,-888621.994511,-39073561.847974
2024-12-23,2024-W52,active_retail,-674932.49464,-39748494.342614
2024-12-30,2025-W01,active_retail,-711931.111533,-40460425.454147
2025-01-06,2025-W02,active_retail,-1195259.7631990002,-41655685.217346
2025-01-13,2025-W03,active_retail,-218668.14192500003,-41874353.359271
2025-01-20,2025-W04,active_retail,-1156083.138209,-43030436.49748
2025-01-27,2025-W05,active_retail,-792362.02053,-43822798.51801
2025-02-03,2025-W06,active_retail,-1136314.576454,-44959113.094464004
2025-02-10,2025-W07,active_retail,1144177.968376,-43814935.126088
2025-02-17,2025-W08,active_retail,-16451.660147999984,-43831386.786236
2025-02-24,2025-W09,active_retail,-12902.121250000013,-43844288.907486
2025-03-03,2025-W10,active_retail,-485410.276428,-44329699.183914
2025-03-10,2025-W11,active_retail,-576417.413269,-44906116.597183004
2025-03-17,2025-W12,active_retail,-2518782.475807,-47424899.07299
2025-03-24,2025-W13,active_retail,-803417.637542,-48228316.710532
2025-03-31,2025-W14,active_retail,-884521.681352,-49112838.391884
2025-04-07,2025-W15,active_retail,-997467.449192,-50110305.841076
2025-04-14,2025-W16,active_retail,-1041548.299793,-51151854.140869
2025-04-21,2025-W17,active_retail,42905.89624399995,-51108948.244625
2025-04-28,2025-W18,active_retail,2285256.473701,-48823691.770924
2025-05-05,2025-W19,active_retail,628948.21609,-48194743.554834
2025-05-12,2025-W20,active_retail,-293119.110799,-48487862.665633
2025-05-19,2025-W21,active_retail,-128167.28303,-48616029.948663004
2025-05-26,2025-W22,active_retail,108381.26585400004,-48507648.682809
2025-06-02,2025-W23,active_retail,-491640.01851,-48999288.701319
2025-06-09,2025-W24,active_retail,-1684683.285078,-50683971.986397
2025-06-16,2025-W25,active_retail,-514368.018059,-51198340.004456
2025-06-23,2025-W26,active_retail,-453661.827671,-51652001.832127
2025-06-30,2025-W27,active_retail,-589483.424829,-52241485.256956
2025-07-07,2025-W28,active_retail,-167208.084616,-52408693.341572
2025-07-14,2025-W29,active_retail,-170963.29797499996,-52579656.639547
2025-07-21,2025-W30,active_retail,-232170.245194,-52811826.884741
2025-07-28,2025-W31,active_retail,-422414.9634100001,-53234241.848151
2025-08-04,2025-W32,active_retail,-521342.692152,-53755584.540303
2025-08-11,2025-W33,active_retail,-397166.717883,-54152751.258186
2025-08-18,2025-W34,active_retail,-320938.720216,-54473689.978402
2025-08-25,2025-W35,active_retail,-567222.962271,-55040912.940673
2025-09-01,2025-W36,active_retail,-599049.066052,-55639962.006725
2025-09-08,2025-W37,active_retail,-831988.152726,-56471950.159451
2025-09-15,2025-W38,active_retail,287512.212152,-56184437.947299
2025-09-22,2025-W39,active_retail,-352138.209379,-56536576.156678
2025-09-29,2025-W40,active_retail,-414508.262106,-56951084.418784
2025-10-06,2025-W41,active_retail,-1660428.69493,-58611513.113714
2025-10-13,2025-W42,active_retail,-1257519.056104,-59869032.169818
2025-10-20,2025-W43,active_retail,-1496749.1340309998,-61365781.303849
2025-10-27,2025-W44,active_retail,-1775897.335788,-63141678.639637
2025-11-03,2025-W45,active_retail,-1002163.472679,-64143842.112316
2025-11-10,2025-W46,active_retail,-1328045.245938,-65471887.358254
2025-11-17,2025-W47,active_retail,-1161991.222828,-66633878.581082
2025-11-24,2025-W48,active_retail,-1186855.77213,-67820734.353212
2025-12-01,2025-W49,active_retail,-1179742.608017,-69000476.961229
2025-12-08,2025-W50,active_retail,-1069667.224642,-70070144.185871
2025-12-15,2025-W51,active_retail,-1854900.341333,-71925044.527204
2025-12-22,2025-W52,active_retail,-586503.931528,-72511548.458732
2025-12-29,2026-W01,active_retail,-143236.15714199992,-72654784.615874
2026-01-05,2026-W02,active_retail,-1742676.528676,-74397461.14455
2026-01-12,2026-W03,active_retail,-2112934.628911,-76510395.773461
2026-01-19,2026-W04,active_retail,-1811706.759639,-78322102.5331
2026-01-26,2026-W05,active_retail,-1573461.9485860004,-79895564.481686
2026-02-02,2026-W06,active_retail,-758100.388616,-80653664.870302
2026-02-09,2026-W07,active_retail,-306316.617625,-80959981.487927
2026-02-16,2026-W08,active_retail,-191243.343113,-81151224.83104
2026-02-23,2026-W09,active_retail,-112574.608655,-81263799.439695
2026-03-02,2026-W10,active_retail,-243321.980414,-81507121.420109
2026-03-09,2026-W11,active_retail,-199330.715317,-81706452.135426
2026-03-16,2026-W12,active_retail,-95919.049409,-81802371.184835
2026-03-23,2026-W13,active_retail,-130708.982529,-81933080.167364
2026-03-30,2026-W14,active_retail,-33104.004870999976,-81966184.172235
2026-04-06,2026-W15,active_retail,-30551.202528999995,-81996735.374764
2026-04-13,2026-W16,active_retail,-40625.077245,-82037360.452009
2026-04-20,2026-W17,active_retail,-82998.639716,-82120359.091725
2023-03-06,2023-W10,bot,-82438.411617,-82438.411617
2023-03-13,2023-W11,bot,44546.053477,-37892.358140000004
2023-03-20,2023-W12,bot,-135371.830324,-173264.188464
2023-03-27,2023-W13,bot,9091.589927,-164172.598537
2023-06-19,2023-W25,bot,99423.565765,-64749.032772000006
2023-07-24,2023-W30,bot,66769.593573,2020.5608009999996
2023-07-31,2023-W31,bot,53776.974221,55797.535022
2023-08-07,2023-W32,bot,37071.04721499999,92868.582237
2023-10-02,2023-W40,bot,15110.824007999998,107979.40624499999
2023-10-09,2023-W41,bot,17073.490645000005,125052.89688999999
2023-10-16,2023-W42,bot,67385.505378,192438.402268
2023-10-23,2023-W43,bot,22279.459548,214717.861816
2023-10-30,2023-W44,bot,28320.255126,243038.116942
2023-11-13,2023-W46,bot,-10458.686775000002,232579.43016699998
2023-11-27,2023-W48,bot,19378.652653,251958.08281999998
2023-12-04,2023-W49,bot,9202.007150000003,261160.08997
2023-12-11,2023-W50,bot,-29663.675373,231496.414597
2023-12-25,2023-W52,bot,187090.094284,418586.508881
2024-01-01,2024-W01,bot,84829.433864,503415.942745
2024-01-08,2024-W02,bot,235935.826192,739351.7689370001
2024-01-15,2024-W03,bot,72382.46511599996,811734.234053
2024-01-22,2024-W04,bot,328810.789023,1140545.023076
2024-01-29,2024-W05,bot,-178915.180567,961629.842509
2024-02-05,2024-W06,bot,37982.57457399998,999612.417083
2024-02-12,2024-W07,bot,41297.840414,1040910.2574969999
2024-02-19,2024-W08,bot,275386.98614,1316297.243637
2024-02-26,2024-W09,bot,304572.887234,1620870.130871
2024-03-04,2024-W10,bot,-28791.43767100001,1592078.6932
2024-03-11,2024-W11,bot,190232.11852,1782310.8117199999
2024-03-18,2024-W12,bot,-64286.44258200002,1718024.369138
2024-03-25,2024-W13,bot,-227576.044998,1490448.32414
2024-04-01,2024-W14,bot,40860.99599299999,1531309.320133
2024-04-08,2024-W15,bot,450456.009118,1981765.329251
2024-04-15,2024-W16,bot,-176578.111008,1805187.2182429999
2024-04-22,2024-W17,bot,-271423.670367,1533763.547876
2024-04-29,2024-W18,bot,-340778.727569,1192984.820307
2024-05-06,2024-W19,bot,86264.43605300003,1279249.25636
2024-05-13,2024-W20,bot,940646.228042,2219895.484402
2024-05-20,2024-W21,bot,-713498.421753,1506397.062649
2024-05-27,2024-W22,bot,-284024.834874,1222372.227775
2024-06-03,2024-W23,bot,689915.878612,1912288.106387
2024-06-10,2024-W24,bot,-125004.196871,1787283.9095160002
2024-06-17,2024-W25,bot,95317.476781,1882601.386297
2024-06-24,2024-W26,bot,609883.0341340001,2492484.420431
2024-07-01,2024-W27,bot,852571.686526,3345056.106957
2024-07-08,2024-W28,bot,2970096.199755,6315152.306712
2024-07-15,2024-W29,bot,1950883.05819,8266035.364902
2024-07-22,2024-W30,bot,492863.774151,8758899.139053
2024-07-29,2024-W31,bot,1102228.587052,9861127.726105
2024-08-05,2024-W32,bot,-39841.310538000034,9821286.415567
2024-08-12,2024-W33,bot,562993.286588,10384279.702155
2024-08-19,2024-W34,bot,490639.3267909999,10874919.028946
2024-08-26,2024-W35,bot,-1260988.1655479998,9613930.863398
2024-09-02,2024-W36,bot,2015185.222076,11629116.085474
2024-09-09,2024-W37,bot,220191.26658,11849307.352054
2024-09-16,2024-W38,bot,927704.720231,12777012.072285
2024-09-23,2024-W39,bot,830224.5947490002,13607236.667034
2024-09-30,2024-W40,bot,8526892.426699,22134129.093732998
2024-10-07,2024-W41,bot,6803528.658845,28937657.752577998
2024-10-14,2024-W42,bot,8486920.753766,37424578.506344
2024-10-21,2024-W43,bot,15089110.271675,52513688.778018996
2024-10-28,2024-W44,bot,1714392.1445609997,54228080.92258
2024-11-04,2024-W45,bot,2148407.926333,56376488.848913
2024-11-11,2024-W46,bot,875143.5103770001,57251632.35929
2024-11-18,2024-W47,bot,474612.240863,57726244.600153
2024-11-25,2024-W48,bot,838561.581577,58564806.18173
2024-12-02,2024-W49,bot,1184856.634916,59749662.816646
2024-12-09,2024-W50,bot,634422.2802019999,60384085.096847996
2024-12-16,2024-W51,bot,532366.995821,60916452.092669
2024-12-23,2024-W52,bot,1297614.47174,62214066.564409
2024-12-30,2025-W01,bot,1214001.762937,63428068.327346
2025-01-06,2025-W02,bot,2345134.8015630003,65773203.128909
2025-01-13,2025-W03,bot,682704.189606,66455907.318515
2025-01-20,2025-W04,bot,1643053.201618,68098960.520133
2025-01-27,2025-W05,bot,1709600.156249,69808560.676382
2025-02-03,2025-W06,bot,1325542.155597,71134102.831979
2025-02-10,2025-W07,bot,-1116455.967467,70017646.864512
2025-02-17,2025-W08,bot,491210.023736,70508856.888248
2025-02-24,2025-W09,bot,108138.22729,70616995.115538
2025-03-03,2025-W10,bot,411716.856282,71028711.97182
2025-03-10,2025-W11,bot,1203385.937816,72232097.909636
2025-03-17,2025-W12,bot,2774875.316438,75006973.226074
2025-03-24,2025-W13,bot,1726432.435626,76733405.6617
2025-03-31,2025-W14,bot,1525073.995464,78258479.65716399
2025-04-07,2025-W15,bot,1723345.75687,79981825.414034
2025-04-14,2025-W16,bot,1270108.241929,81251933.655963
2025-04-21,2025-W17,bot,-655702.834885,80596230.821078
2025-04-28,2025-W18,bot,-4217872.740081,76378358.080997
2025-05-05,2025-W19,bot,-1038458.516506,75339899.564491
2025-05-12,2025-W20,bot,280349.642217,75620249.206708
2025-05-19,2025-W21,bot,54284.72840999994,75674533.935118
2025-05-26,2025-W22,bot,130972.55038,75805506.485498
2025-06-02,2025-W23,bot,902902.439371,76708408.924869
2025-06-09,2025-W24,bot,3033759.801849,79742168.726718
2025-06-16,2025-W25,bot,1361258.247472,81103426.97419
2025-06-23,2025-W26,bot,975538.353752,82078965.327942
2025-06-30,2025-W27,bot,1261989.780215,83340955.108157
2025-07-07,2025-W28,bot,155901.927695,83496857.035852
2025-07-14,2025-W29,bot,335764.2288679999,83832621.26472
2025-07-21,2025-W30,bot,585906.822012,84418528.086732
2025-07-28,2025-W31,bot,884479.996657,85303008.083389
2025-08-04,2025-W32,bot,1090565.471483,86393573.554872
2025-08-11,2025-W33,bot,869455.8638439999,87263029.418716
2025-08-18,2025-W34,bot,741216.3339760001,88004245.752692
2025-08-25,2025-W35,bot,1189690.312461,89193936.065153
2025-09-01,2025-W36,bot,871203.6012230001,90065139.666376
2025-09-08,2025-W37,bot,1502120.1232629998,91567259.789639
2025-09-15,2025-W38,bot,693848.300904,92261108.090543
2025-09-22,2025-W39,bot,756436.5679980001,93017544.658541
2025-09-29,2025-W40,bot,1793485.055638,94811029.714179
2025-10-06,2025-W41,bot,1752188.807331,96563218.52151
2025-10-13,2025-W42,bot,2020058.357446,98583276.878956
2025-10-20,2025-W43,bot,2198751.081978,100782027.960934
2025-10-27,2025-W44,bot,2996350.352026,103778378.31296
2025-11-03,2025-W45,bot,1389868.8702909998,105168247.183251
2025-11-10,2025-W46,bot,2027180.284681,107195427.467932
2025-11-17,2025-W47,bot,2477030.897268,109672458.3652
2025-11-24,2025-W48,bot,1633583.8341650004,111306042.199365
2025-12-01,2025-W49,bot,2705521.078153,114011563.277518
2025-12-08,2025-W50,bot,2174180.09959,116185743.37710801
2025-12-15,2025-W51,bot,3038052.4524000003,119223795.829508
2025-12-22,2025-W52,bot,2154574.582742,121378370.41225
2025-12-29,2026-W01,bot,1511104.4061979996,122889474.818448
2026-01-05,2026-W02,bot,2552898.77717,125442373.595618
2026-01-12,2026-W03,bot,3517169.5539770005,128959543.149595
2026-01-19,2026-W04,bot,2210372.0534050004,131169915.20300001
2026-01-26,2026-W05,bot,1798111.681342,132968026.884342
2026-02-02,2026-W06,bot,782784.4021749999,133750811.286517
2026-02-09,2026-W07,bot,596085.238785,134346896.525302
2026-02-16,2026-W08,bot,121392.62489000002,134468289.150192
2026-02-23,2026-W09,bot,-72586.05906,134395703.09113201
2026-03-02,2026-W10,bot,540319.185376,134936022.276508
2026-03-09,2026-W11,bot,304203.26661500003,135240225.543123
2026-03-16,2026-W12,bot,160108.968803,135400334.511926
2026-03-23,2026-W13,bot,274497.440094,135674831.95202
2026-03-30,2026-W14,bot,27934.413439000014,135702766.365459
2026-04-06,2026-W15,bot,-20694.40050500002,135682071.964954
2026-04-13,2026-W16,bot,155060.430855,135837132.395809
2026-04-20,2026-W17,bot,79716.99880700001,135916849.394616
2023-03-06,2023-W10,casual,-36726.782214,-36726.782214
2023-03-13,2023-W11,casual,-94495.888065,-131222.670279
2023-03-20,2023-W12,casual,-8119.401572999998,-139342.07185200002
2023-03-27,2023-W13,casual,26594.78049,-112747.29136200002
2023-06-19,2023-W25,casual,-36703.720367,-149451.01172900002
2023-07-24,2023-W30,casual,-11716.599242,-161167.61097100002
2023-07-31,2023-W31,casual,-13700.83375,-174868.444721
2023-08-07,2023-W32,casual,-1627.4161580000005,-176495.860879
2023-10-02,2023-W40,casual,-321.4527359999999,-176817.31361500002
2023-10-09,2023-W41,casual,-3291.141128000001,-180108.454743
2023-10-16,2023-W42,casual,-2534.654618,-182643.109361
2023-10-23,2023-W43,casual,-2697.868527,-185340.97788800002
2023-10-30,2023-W44,casual,-6450.235638000001,-191791.213526
2023-11-13,2023-W46,casual,-1181.7222259999996,-192972.93575200002
2023-11-27,2023-W48,casual,-837.7484329999995,-193810.68418500002
2023-12-04,2023-W49,casual,-3598.907146,-197409.591331
2023-12-11,2023-W50,casual,-3532.411892,-200942.003223
2023-12-25,2023-W52,casual,-52179.677789,-253121.68101200002
2024-01-01,2024-W01,casual,-199896.092737,-453017.77374900004
2024-01-08,2024-W02,casual,-2974.9315190000007,-455992.705268
2024-01-15,2024-W03,casual,3045.169383999999,-452947.535884
2024-01-22,2024-W04,casual,-9783.362026,-462730.89791
2024-01-29,2024-W05,casual,-14521.927235,-477252.825145
2024-02-05,2024-W06,casual,2603.3357060000008,-474649.489439
2024-02-12,2024-W07,casual,-11437.95272,-486087.442159
2024-02-19,2024-W08,casual,-3751.7781489999993,-489839.220308
2024-02-26,2024-W09,casual,-22464.566219,-512303.786527
2024-03-04,2024-W10,casual,-8149.640812000001,-520453.427339
2024-03-11,2024-W11,casual,-265.3947249999999,-520718.822064
2024-03-18,2024-W12,casual,9516.454687,-511202.367377
2024-03-25,2024-W13,casual,13535.763868,-497666.60350900004
2024-04-01,2024-W14,casual,-9411.112176,-507077.715685
2024-04-08,2024-W15,casual,50853.194527,-456224.521158
2024-04-15,2024-W16,casual,10422.793523,-445801.727635
2024-04-22,2024-W17,casual,5820.951443,-439980.776192
2024-04-29,2024-W18,casual,-5436.883443999999,-445417.659636
2024-05-06,2024-W19,casual,15536.700449999998,-429880.959186
2024-05-13,2024-W20,casual,-15366.543502000002,-445247.50268800004
2024-05-20,2024-W21,casual,56170.606427,-389076.896261
2024-05-27,2024-W22,casual,-64706.516263,-453783.41252400004
2024-06-03,2024-W23,casual,-42148.095564,-495931.508088
2024-06-10,2024-W24,casual,-55364.135423,-551295.643511
2024-06-17,2024-W25,casual,-34680.823108,-585976.4666190001
2024-06-24,2024-W26,casual,-3391.292526999999,-589367.759146
2024-07-01,2024-W27,casual,-18188.962496,-607556.721642
2024-07-08,2024-W28,casual,-153746.511348,-761303.23299
2024-07-15,2024-W29,casual,-83002.89279200001,-844306.125782
2024-07-22,2024-W30,casual,-33609.25550300001,-877915.381285
2024-07-29,2024-W31,casual,-32013.328646,-909928.709931
2024-08-05,2024-W32,casual,-22751.386525,-932680.096456
2024-08-12,2024-W33,casual,-27365.766609,-960045.863065
2024-08-19,2024-W34,casual,-23421.876077,-983467.7391420001
2024-08-26,2024-W35,casual,-32388.51750200001,-1015856.2566440001
2024-09-02,2024-W36,casual,-232544.8505,-1248401.107144
2024-09-09,2024-W37,casual,-98760.826925,-1347161.9340690002
2024-09-16,2024-W38,casual,-37065.945869,-1384227.879938
2024-09-23,2024-W39,casual,-9844.301599999995,-1394072.181538
2024-09-30,2024-W40,casual,-272829.819633,-1666902.001171
2024-10-07,2024-W41,casual,-485166.563578,-2152068.564749
2024-10-14,2024-W42,casual,-926707.320269,-3078775.8850180004
2024-10-21,2024-W43,casual,-2148204.782095,-5226980.6671130005
2024-10-28,2024-W44,casual,-191299.193421,-5418279.860534
2024-11-04,2024-W45,casual,-678416.898865,-6096696.759399001
2024-11-11,2024-W46,casual,-41893.740956,-6138590.500355001
2024-11-18,2024-W47,casual,-31352.993374,-6169943.493729001
2024-11-25,2024-W48,casual,-70173.986926,-6240117.480655001
2024-12-02,2024-W49,casual,-82645.60545900001,-6322763.0861140005
2024-12-09,2024-W50,casual,146411.379904,-6176351.70621
2024-12-16,2024-W51,casual,190144.96952,-5986206.736690001
2024-12-23,2024-W52,casual,-53547.835077,-6039754.5717670005
2024-12-30,2025-W01,casual,-70736.938498,-6110491.510265
2025-01-06,2025-W02,casual,-248732.153775,-6359223.66404
2025-01-13,2025-W03,casual,-84573.63758099999,-6443797.301621
2025-01-20,2025-W04,casual,-28103.333035000003,-6471900.634656001
2025-01-27,2025-W05,casual,-97549.379287,-6569450.013943001
2025-02-03,2025-W06,casual,21806.928814000006,-6547643.085129
2025-02-10,2025-W07,casual,-27223.018386,-6574866.103515
2025-02-17,2025-W08,casual,12012.337398000014,-6562853.766117001
2025-02-24,2025-W09,casual,-51309.872942,-6614163.639059001
2025-03-03,2025-W10,casual,24406.49828999999,-6589757.140769
2025-03-10,2025-W11,casual,-55254.223841,-6645011.3646100005
2025-03-17,2025-W12,casual,-118357.57742500002,-6763368.942035001
2025-03-24,2025-W13,casual,-149144.30001799998,-6912513.242053
2025-03-31,2025-W14,casual,-201638.939943,-7114152.181996001
2025-04-07,2025-W15,casual,-216130.941042,-7330283.123038
2025-04-14,2025-W16,casual,-410486.596764,-7740769.719802001
2025-04-21,2025-W17,casual,43947.86119299999,-7696821.858609
2025-04-28,2025-W18,casual,397399.997526,-7299421.861083001
2025-05-05,2025-W19,casual,236533.270555,-7062888.590528
2025-05-12,2025-W20,casual,-71886.246063,-7134774.836591001
2025-05-19,2025-W21,casual,-46238.43946199996,-7181013.276053
2025-05-26,2025-W22,casual,-81471.784042,-7262485.060095
2025-06-02,2025-W23,casual,-50731.052555,-7313216.1126500005
2025-06-09,2025-W24,casual,-192168.109561,-7505384.2222110005
2025-06-16,2025-W25,casual,-128938.103577,-7634322.325788001
2025-06-23,2025-W26,casual,-110695.40069000002,-7745017.726478
2025-06-30,2025-W27,casual,-60807.81465099999,-7805825.5411290005
2025-07-07,2025-W28,casual,-24752.463434,-7830578.004563001
2025-07-14,2025-W29,casual,-36229.252887,-7866807.25745
2025-07-21,2025-W30,casual,-21880.588351,-7888687.8458010005
2025-07-28,2025-W31,casual,-41659.015583,-7930346.861384001
2025-08-04,2025-W32,casual,-71146.23645699999,-8001493.097841
2025-08-11,2025-W33,casual,-56997.074351,-8058490.172192001
2025-08-18,2025-W34,casual,-39579.53435799999,-8098069.70655
2025-08-25,2025-W35,casual,43712.777191,-8054356.929359
2025-09-01,2025-W36,casual,-177907.66208100002,-8232264.591440001
2025-09-08,2025-W37,casual,-142609.023856,-8374873.615296001
2025-09-15,2025-W38,casual,-110576.84359,-8485450.458886001
2025-09-22,2025-W39,casual,76068.76600399999,-8409381.692882001
2025-09-29,2025-W40,casual,-189472.83651800003,-8598854.5294
2025-10-06,2025-W41,casual,-417011.119982,-9015865.649382
2025-10-13,2025-W42,casual,-21784.610108,-9037650.25949
2025-10-20,2025-W43,casual,-282299.454205,-9319949.713695
2025-10-27,2025-W44,casual,-299932.68960800004,-9619882.403303001
2025-11-03,2025-W45,casual,-108012.418365,-9727894.821668
2025-11-10,2025-W46,casual,-216623.863096,-9944518.684764002
2025-11-17,2025-W47,casual,-247392.728137,-10191911.412901001
2025-11-24,2025-W48,casual,-189818.42744,-10381729.840341
2025-12-01,2025-W49,casual,-372160.449269,-10753890.28961
2025-12-08,2025-W50,casual,-201543.288541,-10955433.578151
2025-12-15,2025-W51,casual,-484579.571658,-11440013.149809001
2025-12-22,2025-W52,casual,-114828.09142600004,-11554841.241235001
2025-12-29,2026-W01,casual,-106912.97070299996,-11661754.211938001
2026-01-05,2026-W02,casual,-318157.705769,-11979911.917707
2026-01-12,2026-W03,casual,-374748.257108,-12354660.174815001
2026-01-19,2026-W04,casual,-536678.197344,-12891338.372159
2026-01-26,2026-W05,casual,-308134.715721,-13199473.08788
2026-02-02,2026-W06,casual,-85382.26925300005,-13284855.357133001
2026-02-09,2026-W07,casual,-85501.36992299999,-13370356.727056
2026-02-16,2026-W08,casual,-20347.483883000008,-13390704.210939001
2026-02-23,2026-W09,casual,-10786.13363500001,-13401490.344574
2026-03-02,2026-W10,casual,-39482.85617000001,-13440973.200744001
2026-03-09,2026-W11,casual,-32198.627952,-13473171.828696001
2026-03-16,2026-W12,casual,-20665.808341000004,-13493837.637037
2026-03-23,2026-W13,casual,-31093.109334000004,-13524930.746371001
2026-03-30,2026-W14,casual,-8218.19570400004,-13533148.942075001
2026-04-06,2026-W15,casual,867.1421119999991,-13532281.799963001
2026-04-13,2026-W16,casual,-22213.101154,-13554494.901117
2026-04-20,2026-W17,casual,-2852.1906179999983,-13557347.091735
2023-03-06,2023-W10,one_shot,-13987.564185,-13987.564185
2023-03-13,2023-W11,one_shot,-17322.185168,-31309.749353
2023-03-20,2023-W12,one_shot,1254.6386699999998,-30055.110683
2023-03-27,2023-W13,one_shot,-116.919897,-30172.03058
2023-06-19,2023-W25,one_shot,-4024.737118,-34196.767697999996
2023-07-24,2023-W30,one_shot,-2030.667449,-36227.435147
2023-07-31,2023-W31,one_shot,-753.710092,-36981.145239
2023-08-07,2023-W32,one_shot,-1205.616551,-38186.76179
2023-10-02,2023-W40,one_shot,-206.472283,-38393.234073
2023-10-09,2023-W41,one_shot,117.621373,-38275.6127
2023-10-16,2023-W42,one_shot,-578.719253,-38854.331953
2023-10-23,2023-W43,one_shot,44.47249999999999,-38809.859453
2023-10-30,2023-W44,one_shot,-816.587186,-39626.446639
2023-11-13,2023-W46,one_shot,-1343.802295,-40970.248934
2023-11-27,2023-W48,one_shot,38.25870699999997,-40931.990227
2023-12-04,2023-W49,one_shot,-116.674399,-41048.664626
2023-12-11,2023-W50,one_shot,-175.14421500000003,-41223.808841
2023-12-25,2023-W52,one_shot,-5642.868496000002,-46866.677337
2024-01-01,2024-W01,one_shot,-33452.070611,-80318.747948
2024-01-08,2024-W02,one_shot,-1037.7106339999996,-81356.458582
2024-01-15,2024-W03,one_shot,-926.510123,-82282.968705
2024-01-22,2024-W04,one_shot,-4868.341585,-87151.31029000001
2024-01-29,2024-W05,one_shot,-6069.925541,-93221.235831
2024-02-05,2024-W06,one_shot,-1651.692236,-94872.928067
2024-02-12,2024-W07,one_shot,-253.777355,-95126.705422
2024-02-19,2024-W08,one_shot,-740.7726839999998,-95867.47810600001
2024-02-26,2024-W09,one_shot,-123.85654,-95991.334646
2024-03-04,2024-W10,one_shot,-3553.571513,-99544.906159
2024-03-11,2024-W11,one_shot,58.930973,-99485.975186
2024-03-18,2024-W12,one_shot,-449.70999000000006,-99935.685176
2024-03-25,2024-W13,one_shot,51.736540999999946,-99883.94863500001
2024-04-01,2024-W14,one_shot,-56.74087899999989,-99940.689514
2024-04-08,2024-W15,one_shot,-1060.653827,-101001.343341
2024-04-15,2024-W16,one_shot,-774.6497550000001,-101775.993096
2024-04-22,2024-W17,one_shot,5152.118425000001,-96623.874671
2024-04-29,2024-W18,one_shot,1695.997921,-94927.87675
2024-05-06,2024-W19,one_shot,-3719.856129,-98647.732879
2024-05-13,2024-W20,one_shot,-1112.0141969999995,-99759.747076
2024-05-20,2024-W21,one_shot,-1896.686859,-101656.43393500001
2024-05-27,2024-W22,one_shot,-907.777328,-102564.211263
2024-06-03,2024-W23,one_shot,-276.9395089999998,-102841.15077200001
2024-06-10,2024-W24,one_shot,-1771.9142499999994,-104613.065022
2024-06-17,2024-W25,one_shot,-12111.067314,-116724.132336
2024-06-24,2024-W26,one_shot,-1142.684967,-117866.817303
2024-07-01,2024-W27,one_shot,-1321.538249,-119188.355552
2024-07-08,2024-W28,one_shot,-7204.173943,-126392.529495
2024-07-15,2024-W29,one_shot,-9437.164048,-135829.693543
2024-07-22,2024-W30,one_shot,5516.632122000001,-130313.061421
2024-07-29,2024-W31,one_shot,-2478.039662000001,-132791.10108300002
2024-08-05,2024-W32,one_shot,-6113.394588000001,-138904.495671
2024-08-12,2024-W33,one_shot,-6035.668068999999,-144940.16374
2024-08-19,2024-W34,one_shot,-1424.50356,-146364.6673
2024-08-26,2024-W35,one_shot,3895.217076,-142469.450224
2024-09-02,2024-W36,one_shot,-17755.177871,-160224.628095
2024-09-09,2024-W37,one_shot,-1832.321343,-162056.949438
2024-09-16,2024-W38,one_shot,-7390.146631,-169447.096069
2024-09-23,2024-W39,one_shot,1643.6466330000003,-167803.449436
2024-09-30,2024-W40,one_shot,-17715.443695000005,-185518.893131
2024-10-07,2024-W41,one_shot,-103959.841587,-289478.734718
2024-10-14,2024-W42,one_shot,-197132.657946,-486611.392664
2024-10-21,2024-W43,one_shot,-742338.102501,-1228949.495165
2024-10-28,2024-W44,one_shot,-17431.22899,-1246380.724155
2024-11-04,2024-W45,one_shot,-270492.034746,-1516872.758901
2024-11-11,2024-W46,one_shot,-10054.849976,-1526927.608877
2024-11-18,2024-W47,one_shot,-2530.897327000001,-1529458.506204
2024-11-25,2024-W48,one_shot,-17269.665722,-1546728.171926
2024-12-02,2024-W49,one_shot,-8305.923591,-1555034.095517
2024-12-09,2024-W50,one_shot,-35989.825805,-1591023.921322
2024-12-16,2024-W51,one_shot,172099.93278099998,-1418923.988541
2024-12-23,2024-W52,one_shot,137849.458721,-1281074.52982
2024-12-30,2025-W01,one_shot,-56575.773096,-1337650.302916
2025-01-06,2025-W02,one_shot,-123992.436283,-1461642.739199
2025-01-13,2025-W03,one_shot,-6262.478548000002,-1467905.217747
2025-01-20,2025-W04,one_shot,-37121.887729,-1505027.105476
2025-01-27,2025-W05,one_shot,-56286.5968,-1561313.702276
2025-02-03,2025-W06,one_shot,16292.997109000004,-1545020.705167
2025-02-10,2025-W07,one_shot,1794.699687999992,-1543226.005479
2025-02-17,2025-W08,one_shot,122417.838336,-1420808.167143
2025-02-24,2025-W09,one_shot,-56871.83291599999,-1477680.000059
2025-03-03,2025-W10,one_shot,105770.38364200002,-1371909.616417
2025-03-10,2025-W11,one_shot,145305.79513299998,-1226603.821284
2025-03-17,2025-W12,one_shot,-39991.766152,-1266595.587436
2025-03-24,2025-W13,one_shot,-61534.43552699999,-1328130.022963
2025-03-31,2025-W14,one_shot,38391.328422999984,-1289738.69454
2025-04-07,2025-W15,one_shot,-124260.09664400002,-1413998.791184
2025-04-14,2025-W16,one_shot,-116056.745654,-1530055.536838
2025-04-21,2025-W17,one_shot,154387.783727,-1375667.753111
2025-04-28,2025-W18,one_shot,119694.803234,-1255972.949877
2025-05-05,2025-W19,one_shot,25627.894087,-1230345.0557900001
2025-05-12,2025-W20,one_shot,-940.221883,-1231285.277673
2025-05-19,2025-W21,one_shot,-17506.568183000003,-1248791.845856
2025-05-26,2025-W22,one_shot,-7359.347409,-1256151.1932650001
2025-06-02,2025-W23,one_shot,-14378.408919,-1270529.602184
2025-06-09,2025-W24,one_shot,-34812.758942,-1305342.361126
2025-06-16,2025-W25,one_shot,-11475.35825,-1316817.719376
2025-06-23,2025-W26,one_shot,-21315.49567,-1338133.215046
2025-06-30,2025-W27,one_shot,11870.420721,-1326262.794325
2025-07-07,2025-W28,one_shot,-3446.5026139999995,-1329709.296939
2025-07-14,2025-W29,one_shot,-5126.719541000002,-1334836.01648
2025-07-21,2025-W30,one_shot,-7702.143610000001,-1342538.1600900001
2025-07-28,2025-W31,one_shot,-28645.11281,-1371183.2729
2025-08-04,2025-W32,one_shot,-12721.722738,-1383904.995638
2025-08-11,2025-W33,one_shot,-9690.869647,-1393595.865285
2025-08-18,2025-W34,one_shot,-6195.416795,-1399791.28208
2025-08-25,2025-W35,one_shot,-19770.63161400001,-1419561.913694
2025-09-01,2025-W36,one_shot,-46110.423024,-1465672.336718
2025-09-08,2025-W37,one_shot,-24924.567889000005,-1490596.904607
2025-09-15,2025-W38,one_shot,25201.077603,-1465395.827004
2025-09-22,2025-W39,one_shot,39195.585721,-1426200.241283
2025-09-29,2025-W40,one_shot,-18383.337651,-1444583.578934
2025-10-06,2025-W41,one_shot,-31577.589538000004,-1476161.168472
2025-10-13,2025-W42,one_shot,-15880.485034,-1492041.653506
2025-10-20,2025-W43,one_shot,-68753.78561400001,-1560795.43912
2025-10-27,2025-W44,one_shot,-25028.746964999984,-1585824.186085
2025-11-03,2025-W45,one_shot,-756.0237959999972,-1586580.209881
2025-11-10,2025-W46,one_shot,-24956.197731,-1611536.4076120001
2025-11-17,2025-W47,one_shot,-37068.403748,-1648604.81136
2025-11-24,2025-W48,one_shot,-42069.69839400001,-1690674.509754
2025-12-01,2025-W49,one_shot,5234.261925000006,-1685440.247829
2025-12-08,2025-W50,one_shot,-9964.704434,-1695404.952263
2025-12-15,2025-W51,one_shot,-70029.10694700004,-1765434.05921
2025-12-22,2025-W52,one_shot,-17222.02633,-1782656.0855400001
2025-12-29,2026-W01,one_shot,-3734.5461080000314,-1786390.631648
2026-01-05,2026-W02,one_shot,-56146.803355,-1842537.435003
2026-01-12,2026-W03,one_shot,-94373.504026,-1936910.939029
2026-01-19,2026-W04,one_shot,-44293.96798500001,-1981204.907014
2026-01-26,2026-W05,one_shot,-69723.722439,-2050928.6294530001
2026-02-02,2026-W06,one_shot,-24802.817175000004,-2075731.4466280001
2026-02-09,2026-W07,one_shot,-19467.370525,-2095198.817153
2026-02-16,2026-W08,one_shot,-8573.783818000002,-2103772.6009710003
2026-02-23,2026-W09,one_shot,323.59151900000023,-2103449.0094520003
2026-03-02,2026-W10,one_shot,-1971.8232650000016,-2105420.832717
2026-03-09,2026-W11,one_shot,-64.03723999999957,-2105484.869957
2026-03-16,2026-W12,one_shot,-5383.941471999997,-2110868.811429
2026-03-23,2026-W13,one_shot,-7012.509048999999,-2117881.320478
2026-03-30,2026-W14,one_shot,-5101.362454999991,-2122982.682933
2026-04-06,2026-W15,one_shot,3799.7527949999976,-2119182.9301380003
2026-04-13,2026-W16,one_shot,-1107.435146,-2120290.365284
2026-04-20,2026-W17,one_shot,-1279.556525,-2121569.921809
2023-03-06,2023-W10,sophisticated,-72540.1058,-72540.1058
2023-03-13,2023-W11,sophisticated,-95665.225793,-168205.331593
2023-03-20,2023-W12,sophisticated,180949.044752,12743.713158999977
2023-03-27,2023-W13,sophisticated,-10118.914825999998,2624.798332999979
2023-06-19,2023-W25,sophisticated,26507.155226000003,29131.95355899998
2023-07-24,2023-W30,sophisticated,-21060.602774,8071.3507849999805
2023-07-31,2023-W31,sophisticated,-17532.064673,-9460.71388800002
2023-08-07,2023-W32,sophisticated,-28779.409839,-38240.12372700002
2023-10-02,2023-W40,sophisticated,-11273.895489,-49514.01921600002
2023-10-09,2023-W41,sophisticated,-438.1629630000032,-49952.182179000025
2023-10-16,2023-W42,sophisticated,-70834.408233,-120786.59041200002
2023-10-23,2023-W43,sophisticated,-5817.580571,-126604.17098300002
2023-10-30,2023-W44,sophisticated,-41564.668009,-168168.83899200003
2023-11-13,2023-W46,sophisticated,17611.741093,-150557.09789900001
2023-11-27,2023-W48,sophisticated,311.923635,-150245.17426400003
2023-12-04,2023-W49,sophisticated,2303.133805,-147942.040459
2023-12-11,2023-W50,sophisticated,2303.215642,-145638.82481700002
2023-12-25,2023-W52,sophisticated,4784.589568999998,-140854.235248
2024-01-01,2024-W01,sophisticated,202093.981988,61239.74674
2024-01-08,2024-W02,sophisticated,-235521.127255,-174281.380515
2024-01-15,2024-W03,sophisticated,-65884.45100399999,-240165.831519
2024-01-22,2024-W04,sophisticated,-109079.879795,-349245.71131399996
2024-01-29,2024-W05,sophisticated,69562.497425,-279683.213889
2024-02-05,2024-W06,sophisticated,285074.05648,5390.842591000022
2024-02-12,2024-W07,sophisticated,-83032.65370499999,-77641.81111399997
2024-02-19,2024-W08,sophisticated,-50006.428115,-127648.23922899997
2024-02-26,2024-W09,sophisticated,-139723.2429,-267371.482129
2024-03-04,2024-W10,sophisticated,-23220.717257999997,-290592.199387
2024-03-11,2024-W11,sophisticated,-96683.443021,-387275.64240799996
2024-03-18,2024-W12,sophisticated,-99167.48457199996,-486443.12697999994
2024-03-25,2024-W13,sophisticated,-31363.587514000006,-517806.71449399996
2024-04-01,2024-W14,sophisticated,2082.1596160000017,-515724.55487799994
2024-04-08,2024-W15,sophisticated,-237058.852703,-752783.4075809999
2024-04-15,2024-W16,sophisticated,185730.893264,-567052.5143169999
2024-04-22,2024-W17,sophisticated,186442.982529,-380609.5317879999
2024-04-29,2024-W18,sophisticated,351714.066593,-28895.46519499994
2024-05-06,2024-W19,sophisticated,-33075.29187000001,-61970.75706499995
2024-05-13,2024-W20,sophisticated,-15726.252796000002,-77697.00986099995
2024-05-20,2024-W21,sophisticated,671593.68669,593896.676829
2024-05-27,2024-W22,sophisticated,425865.233006,1019761.909835
2024-06-03,2024-W23,sophisticated,-24564.727407,995197.182428
2024-06-10,2024-W24,sophisticated,-333112.896215,662084.286213
2024-06-17,2024-W25,sophisticated,87318.604062,749402.8902749999
2024-06-24,2024-W26,sophisticated,-538931.998536,210470.89173899987
2024-07-01,2024-W27,sophisticated,-268850.669201,-58379.777462000144
2024-07-08,2024-W28,sophisticated,-1371628.020342,-1430007.7978040003
2024-07-15,2024-W29,sophisticated,-586740.048614,-2016747.846418
2024-07-22,2024-W30,sophisticated,-387397.249586,-2404145.096004
2024-07-29,2024-W31,sophisticated,-1008858.996192,-3413004.092196
2024-08-05,2024-W32,sophisticated,-127576.69362199996,-3540580.785818
2024-08-12,2024-W33,sophisticated,-486821.956877,-4027402.742695
2024-08-19,2024-W34,sophisticated,-466025.737274,-4493428.479969
2024-08-26,2024-W35,sophisticated,568501.6351129999,-3924926.844856
2024-09-02,2024-W36,sophisticated,-830510.16992,-4755437.014776
2024-09-09,2024-W37,sophisticated,-497892.001671,-5253329.016447
2024-09-16,2024-W38,sophisticated,-510237.609855,-5763566.626302
2024-09-23,2024-W39,sophisticated,-303893.795467,-6067460.421769
2024-09-30,2024-W40,sophisticated,-672573.237337,-6740033.659106
2024-10-07,2024-W41,sophisticated,-2336489.718022,-9076523.377128
2024-10-14,2024-W42,sophisticated,-1721358.31081,-10797881.687938
2024-10-21,2024-W43,sophisticated,-1331632.868345,-12129514.556283
2024-10-28,2024-W44,sophisticated,-479312.20404,-12608826.760323
2024-11-04,2024-W45,sophisticated,-105924.76716300004,-12714751.527486
2024-11-11,2024-W46,sophisticated,-351202.62789500004,-13065954.155381
2024-11-18,2024-W47,sophisticated,-91207.512339,-13157161.66772
2024-11-25,2024-W48,sophisticated,-437235.386184,-13594397.053904
2024-12-02,2024-W49,sophisticated,-523727.178737,-14118124.232641
2024-12-09,2024-W50,sophisticated,-313645.383212,-14431769.615853
2024-12-16,2024-W51,sophisticated,-5989.903610999972,-14437759.519464
2024-12-23,2024-W52,sophisticated,-706983.600744,-15144743.120208
2024-12-30,2025-W01,sophisticated,-374757.93981,-15519501.060018
2025-01-06,2025-W02,sophisticated,-777150.448306,-16296651.508324001
2025-01-13,2025-W03,sophisticated,-373199.93155200005,-16669851.439876
2025-01-20,2025-W04,sophisticated,-421744.842645,-17091596.282521002
2025-01-27,2025-W05,sophisticated,-763402.1596319999,-17854998.442153
2025-02-03,2025-W06,sophisticated,-227327.50506599995,-18082325.947219
2025-02-10,2025-W07,sophisticated,-2293.682210999976,-18084619.62943
2025-02-17,2025-W08,sophisticated,-609188.539322,-18693808.168752
2025-02-24,2025-W09,sophisticated,12945.599817999988,-18680862.568934
2025-03-03,2025-W10,sophisticated,-56483.461786,-18737346.03072
2025-03-10,2025-W11,sophisticated,-717020.0958390001,-19454366.126559
2025-03-17,2025-W12,sophisticated,-97743.49705400004,-19552109.623613
2025-03-24,2025-W13,sophisticated,-712336.062539,-20264445.686152
2025-03-31,2025-W14,sophisticated,-477304.702592,-20741750.388744
2025-04-07,2025-W15,sophisticated,-385487.269992,-21127237.658736
2025-04-14,2025-W16,sophisticated,297983.4002820001,-20829254.258454
2025-04-21,2025-W17,sophisticated,414461.293721,-20414792.964733
2025-04-28,2025-W18,sophisticated,1415521.46562,-18999271.499113
2025-05-05,2025-W19,sophisticated,147349.13577400002,-18851922.363339
2025-05-12,2025-W20,sophisticated,85595.936528,-18766326.426811
2025-05-19,2025-W21,sophisticated,137627.562265,-18628698.864546
2025-05-26,2025-W22,sophisticated,-150522.684783,-18779221.549329
2025-06-02,2025-W23,sophisticated,-346152.95938699995,-19125374.508716
2025-06-09,2025-W24,sophisticated,-1122095.648268,-20247470.156984
2025-06-16,2025-W25,sophisticated,-706476.767586,-20953946.92457
2025-06-23,2025-W26,sophisticated,-389865.629721,-21343812.554291
2025-06-30,2025-W27,sophisticated,-623568.961456,-21967381.515747
2025-07-07,2025-W28,sophisticated,39505.122969,-21927876.392778
2025-07-14,2025-W29,sophisticated,-123444.95846499996,-22051321.351243
2025-07-21,2025-W30,sophisticated,-324153.844857,-22375475.1961
2025-07-28,2025-W31,sophisticated,-391760.904854,-22767236.100954
2025-08-04,2025-W32,sophisticated,-485354.820136,-23252590.92109
2025-08-11,2025-W33,sophisticated,-405601.201963,-23658192.123053
2025-08-18,2025-W34,sophisticated,-374502.662607,-24032694.78566
2025-08-25,2025-W35,sophisticated,-646409.495767,-24679104.281427
2025-09-01,2025-W36,sophisticated,-48136.45006600003,-24727240.731493
2025-09-08,2025-W37,sophisticated,-502598.378792,-25229839.110285
2025-09-15,2025-W38,sophisticated,-895984.747069,-26125823.857354
2025-09-22,2025-W39,sophisticated,-519562.710344,-26645386.567698
2025-09-29,2025-W40,sophisticated,-1171120.619363,-27816507.187061
2025-10-06,2025-W41,sophisticated,356828.59711900004,-27459678.589942
2025-10-13,2025-W42,sophisticated,-724874.2062,-28184552.796142
2025-10-20,2025-W43,sophisticated,-350948.708128,-28535501.50427
2025-10-27,2025-W44,sophisticated,-895491.579665,-29430993.083935
2025-11-03,2025-W45,sophisticated,-278936.955451,-29709930.039386
2025-11-10,2025-W46,sophisticated,-457554.977916,-30167485.017302
2025-11-17,2025-W47,sophisticated,-1030578.542555,-31198063.559857
2025-11-24,2025-W48,sophisticated,-214839.936201,-31412903.496058
2025-12-01,2025-W49,sophisticated,-1158852.2827920003,-32571755.77885
2025-12-08,2025-W50,sophisticated,-893004.881973,-33464760.660823
2025-12-15,2025-W51,sophisticated,-628543.432462,-34093304.093285
2025-12-22,2025-W52,sophisticated,-1436020.533458,-35529324.626743004
2025-12-29,2026-W01,sophisticated,-1257220.732245,-36786545.358988
2026-01-05,2026-W02,sophisticated,-435917.73937,-37222463.098358
2026-01-12,2026-W03,sophisticated,-935113.163932,-38157576.26229
2026-01-19,2026-W04,sophisticated,182306.871563,-37975269.390727
2026-01-26,2026-W05,sophisticated,153208.70540400007,-37822060.685323
2026-02-02,2026-W06,sophisticated,85501.07286899998,-37736559.612454
2026-02-09,2026-W07,sophisticated,-184799.880712,-37921359.493166
2026-02-16,2026-W08,sophisticated,98771.985924,-37822587.507242
2026-02-23,2026-W09,sophisticated,195623.209831,-37626964.297411
2026-03-02,2026-W10,sophisticated,-255542.525527,-37882506.822938
2026-03-09,2026-W11,sophisticated,-72609.886106,-37955116.709044
2026-03-16,2026-W12,sophisticated,-38140.16958100002,-37993256.878625
2026-03-23,2026-W13,sophisticated,-105682.83918199998,-38098939.717807
2026-03-30,2026-W14,sophisticated,18489.14959099999,-38080450.568216
2026-04-06,2026-W15,sophisticated,46578.708127,-38033871.860089004
2026-04-13,2026-W16,sophisticated,-91114.81731,-38124986.677399
2026-04-20,2026-W17,sophisticated,7413.388051999998,-38117573.289347
