date,bot,active_retail,sophisticated,casual,one_shot,alpha_gap,alpha_gap_ma4w,alpha_gap_ma13w,alpha_gap_ma52w,alpha_gap_z52w,r2_bot,r2_active_retail,n_trades_total
2022-12-12,0.7476506243546938,,,,,,,,,,0.7723563965947385,,649
2022-12-19,0.1890079909819796,,,,,,,,,,0.5673745868226081,,354
2023-01-02,0.1000036648112377,,,,,,,,,,0.4280993221731729,,286
2023-01-09,0.7355997579429585,,,,,,,,,,0.514302724804661,,490
2023-01-16,0.5139891375065732,,,,,,,,,,0.6784385598006932,,812
2023-01-23,0.5771544154866027,,,,,,,,,,0.628093651523646,,788
2023-01-30,0.7717085471746286,,,,,,,,,,0.8822145365602683,,1164
2023-02-06,0.8680851461791019,,,,,,,,,,0.9304897494345366,,1294
2023-02-13,0.6588092630784719,,,,,,,,,,0.8455393563602676,,1349
2023-02-20,0.4701855829044997,,,,,,,,,,0.7183806550735672,,1504
2023-02-27,0.2129689728932511,0.1000036648112377,,,,0.1129653080820134,0.1129653080820134,0.1129653080820134,0.1129653080820134,,0.2447345933493171,0.4998923798045472,2522
2023-03-06,0.9890120452166586,0.1000036648112377,0.3267512816939665,,,0.889008380405421,0.5009868442437172,0.5009868442437172,0.5009868442437172,,0.7297768052243054,0.3625036164889638,5819
2023-03-13,0.4825187897232673,0.6321108629996358,0.4793410145158178,,,-0.14959207327636853,0.2841272050703553,0.2841272050703553,0.2841272050703553,,0.9754206690610976,0.9681200631931464,7230
2023-03-20,0.4973368466548918,0.5031838392899671,0.3065286860892608,,,-0.005846992635075321,0.21163365564399764,0.21163365564399764,0.21163365564399764,,0.9617745793399476,0.8664378331247953,5956
2023-03-27,0.8128403443097459,0.6308528909740899,0.6945726092454484,,,0.18198745333565602,0.22888919195740828,0.2057044151823293,0.2057044151823293,,0.9168471096167956,0.7913236233412918,5150
2023-04-03,0.6145488829174846,,0.646008721211628,,,,0.00884946247473739,0.2057044151823293,0.2057044151823293,,0.9594628336372284,,2393
2023-04-10,1.0477030178020326,,1.1383721618161813,,,,0.08807023035029035,0.2057044151823293,0.2057044151823293,,0.6903617164144965,,1587
2023-04-17,1.03186885237224,,,,,,0.18198745333565602,0.2057044151823293,0.2057044151823293,,0.861180592950565,,1791
2023-04-24,0.7709357532503698,,,,,,,0.2057044151823293,0.2057044151823293,,0.5940007079723355,,1479
2023-05-01,0.4697095773127965,,,,,,,0.2057044151823293,0.2057044151823293,,0.6264287715021273,,1508
2023-05-08,0.5841335252268332,0.4550622916053587,0.8246587014651745,,,0.12907123362147443,0.12907123362147443,0.19293221825552018,0.19293221825552018,,0.7573238514019418,0.6604112943389245,3936
2023-05-15,0.6595879625137493,,0.6925306288671574,,,,0.12907123362147443,0.19293221825552018,0.19293221825552018,,0.9595253067175882,,2319
2023-05-22,0.7538492404067636,0.6343268649254842,0.9688878084091156,,,0.11952237548127942,0.12429680455137693,0.18244509785920007,0.18244509785920007,,0.8842651315892633,0.7720247241388801,3237
2023-05-29,0.8367434429247153,,1.2544980680258648,,,,0.12429680455137693,0.19402506282206453,0.18244509785920007,,0.8918185383252939,,1981
2023-06-05,0.535279911146722,0.2353224926941418,0.4813987459837716,,,0.2999574184525802,0.20973989696692982,0.09584990249659105,0.1971341379333726,,0.9562618765307944,0.9269995578183676,1974
2023-06-12,1.5018300266479532,0.1000036648112377,,,,1.4018263618367155,0.6071020519235251,0.35441964168210505,0.3309888294781885,,0.4793429987968751,0.2385896002804154,1300
2023-06-19,0.6334130101313746,0.548825304992896,0.5561787881569429,,,0.08458770513847869,0.5954571618092581,0.3694920913110307,0.3063487170442175,,0.9279992590429648,0.9179366475680212,9677
2023-06-26,0.6327227979353616,0.5767389841023823,0.969759906141249,,,0.055983813832979235,0.46058882481518837,0.3484914847272513,0.2835882712977413,,0.7226806632750618,0.6623505452703866,2598
2023-07-03,0.6865266684731638,,0.7453670055124523,,,,0.5141326269360578,0.3484914847272513,0.2835882712977413,,0.7613176785568531,,2421
2023-07-10,0.676190282067821,0.6646807548857886,0.854689293222255,,,0.011509527182032353,0.050693682051163425,0.3003512050779343,0.2609150426214322,,0.6156919397997838,0.5991796102261764,2983
2023-07-17,0.7476062409510923,0.6565482679554053,0.9108751778066154,,,0.09105797299568696,0.05285043800356618,0.27418955106765336,0.24784911418868255,-0.3691504131516513,0.963794778338028,0.7981920124062519,3656
2023-07-24,0.5102810919294178,0.5738179766924443,0.5334168295337407,,,-0.06353688476302644,0.01301020513823096,0.23666439153091115,0.22560725712070334,-0.6942705577334222,0.8956030274451412,0.9027039057061222,5758
2023-07-31,0.5764816144613961,0.4883347544472436,0.5373772843529749,,,0.0881468600141525,0.03179436885721135,0.22181263837923532,0.21644323064693333,-0.3184412374548509,0.9023983239902112,0.7659634848772255,5206
2023-08-07,0.5975025293399945,0.6578103944141074,0.5849064238393368,,,-0.0603078650741129,0.013840020793175034,0.20287472850967653,0.1991462871643679,-0.6562994537562403,0.8664984310504645,0.7848989468346705,5054
2023-08-14,0.5565109826047971,0.9361062019225102,0.6723224074185181,,,-0.379595219317713,-0.10382327728517496,0.14992291507082295,0.1651026691360102,-1.3360249794076655,0.9542844787703698,0.7486646414713265,4595
2023-08-21,0.6595582106345498,0.7481428715395245,0.8649714929103189,,,-0.08858466090497474,-0.11008522132066204,0.1310040935811635,0.15100892857817771,-0.5989514481112579,0.911692184859822,0.8594872667095784,3486
2023-08-28,1.1334533834162417,0.62550594507219,0.7388243342121462,,,0.5079474383440516,-0.00513507673818725,0.16241603897807083,0.16979516593427635,0.8511641606085154,0.933793505611024,0.7580171473973683,2500
2023-09-04,0.9354474664284376,1.1256188400356126,0.8450632048924378,,,-0.19017137360717506,-0.03760095387145279,0.12157197297309123,0.15179683895720378,-0.8657982257949272,0.8938371792682142,0.9140835572751784,2228
2023-09-11,1.023410852180126,0.7965998950215026,1.0598201297794805,,,0.22681095715862332,0.11400059024763129,0.023654022583250212,0.15536893982393804,0.18540891233588624,0.694601344075936,0.5486245886303069,2928
2023-09-18,0.7805797182607912,0.7756390204785873,0.7457251213375661,,,0.004940697782203851,0.13738192991942594,0.01701677197022731,0.14853129245840468,-0.3804728812779237,0.7573337134083304,0.3248633090594818,3345
2023-09-25,1.1394832861484068,1.013920212467357,0.7846057282335803,,,0.1255630736810498,0.041785838753675475,0.02281504362423319,0.14753267425069358,-0.05957786509695836,0.7774145544573828,0.6939770190861488,4142
2023-10-02,0.9509573655375902,0.7060845042980497,0.7993294877485753,,,0.24487286123954055,0.15054689746535438,0.039896414210026064,0.15158851537522888,0.2582652717564504,0.9827371555203828,0.9000948652816717,5516
2023-10-09,0.848773641256026,0.643879338292958,0.7655776709539006,,,0.204894302963068,0.14506773391646555,0.054772166193182655,0.15372074687874243,0.1446595883395812,0.935986436261058,0.9022292201869307,6142
2023-10-16,0.743690628758414,0.384476376643399,0.6042932056360287,,,0.35921425211501495,0.2336361224996683,0.07539957227928482,0.1616243432339837,0.5662585282255146,0.9493901400320622,0.7351085544612155,6522
2023-10-23,0.7652230715683482,0.757586001391513,0.8628234974300959,,,0.007637070176835237,0.2041546216236147,0.08087449189004339,0.15592111089853375,-0.43175587807587407,0.8885664646909366,0.8768309939643648,5262
2023-10-30,1.2278638125951344,0.6330531436531146,0.862228283533562,,,0.5948106689420198,0.2916390735492345,0.11984863103834087,0.1715957379715154,1.21935773620341,0.9575700907103476,0.9303516129047084,6251
2023-11-06,0.5989402919452551,0.4876490457153811,0.7363370599876973,,,0.11129124622987402,0.268238309365936,0.1330485626771091,0.16951627273904502,-0.1707429160164351,0.9237028539116996,0.8846954939574737,4882
2023-11-13,1.0305060487602808,0.5971417205131901,0.7602541659539515,,,0.4333643282470907,0.28677582839895494,0.19558391248978632,0.17831120792264651,0.7534274418641718,0.9902827765115888,0.8978173162310499,7729
2023-11-20,0.847647003165271,0.5679618537601216,0.7953713894754284,,,0.2796851494051493,0.3547878482060335,0.22391235943671894,0.1815813350672434,0.2943130163934092,0.955877130485809,0.9800019853405396,4197
2023-11-27,0.9375227276443416,0.6369006560031831,0.7073815323386873,,,0.3006220716411585,0.28124069888081815,0.20796425430572718,0.18530135808517822,0.350960834172766,0.9712488099269256,0.9095923632081524,5625
2023-12-04,0.7432993978133527,0.7171975745865644,0.7142896945842606,,,0.026101823226788334,0.25994334313004674,0.22460065406218588,0.1804771297561361,-0.47559214003501166,0.9320240936019496,0.7992283877019354,5327
2023-12-11,0.8309984963784037,0.4690920553740629,1.010665216556632,,,0.36190644100434083,0.24207887131935926,0.2349926143580103,0.18581328596931862,0.5483190639304041,0.948837847748644,0.935489280732774,5167
2023-12-18,0.9041146476723326,0.6263049046557831,0.7326760672911108,,,0.2778097430165495,0.24161001972220933,0.2559825409144984,0.18844175617066805,0.28211841229513,0.9483219584461006,0.8943181702215676,4092
2023-12-25,0.8047695902848403,0.6528027419721578,0.6131921866591812,,,0.15196684831268248,0.2044462138900903,0.2580136005015471,0.18742856428572402,-0.11355897350255925,0.9377114971684124,0.950084268066372,9711
2024-01-01,0.7342411433028565,0.4434958367767904,0.4808407001086436,,,0.2907453065260661,0.27060708471490974,0.26154225013897214,0.19022090867059813,0.3259797711990106,0.9441418414327182,0.9290864934414452,21003
2024-01-08,1.134744008911467,0.6696261876901096,0.7151005508836953,,,0.4651178212213575,0.2964099297691639,0.2815594438511483,0.19745503794824967,0.8706409886003023,0.9447631656080628,0.9350661557041156,14414
2024-01-15,0.994253147810262,0.7765756331920671,0.9258813542436368,,,0.21767751461819485,0.28137687266957523,0.270672002505239,0.1979735629910688,0.0649487276391792,0.8770929183189818,0.7736488954379823,16816
2024-01-22,1.1542973604712163,0.8232174721117017,0.9345070944597842,,,0.33107988835951463,0.32615513268128327,0.29555221928852204,0.20130122112527996,0.4323059820468057,0.9390380539811768,0.7787567980491179,14271
2024-01-29,1.0281068624298777,0.1375641377496065,0.5708570069374568,,,0.8905427246802712,0.47610448721983456,0.3183008389606953,0.21811198950466998,2.1322387270193306,0.8960617495615261,0.2339576509556534,16768
2024-02-05,0.9432524988815556,1.0141847748744648,0.5034615451202649,,,-0.07093227599290919,0.3420919629162679,0.30428364494355803,0.21122998318329905,-0.8966900742915525,0.7736180777615504,0.5574385534302323,19051
2024-02-12,0.9692809505518452,0.7970946464259149,0.791860557292363,,,0.17218630412593028,0.3307191602932017,0.28419302770346877,0.21032199064708115,-0.12263885790819745,0.9563821151824669,0.9704181940023648,15324
2024-02-19,0.9364590332698344,0.8787408455374748,1.0425116083291623,,,0.057718187732359594,0.26237873513641297,0.2671186460363311,0.20685372239901934,-0.4839202238717776,0.8550672392798717,0.6604227010709418,19629
2024-02-26,1.2146150677749656,0.9222959879015844,0.9210477643732268,,,0.29231907987338124,0.11282282393469051,0.2664799543618867,0.21092994448518673,0.2641668404437851,0.9289840343189144,0.6419670815189,24702
2024-03-04,1.114277873370188,1.0725317458073524,0.5673501681166762,,,0.04174612756283547,0.14099242482362667,0.2676833623877365,0.19167398419330983,-0.5157141306892417,0.9026081372028588,0.8978504313213547,13752
2024-03-11,0.9638604073248964,0.7097958106602,1.204033468621714,,,0.2540645966646964,0.1614619979583182,0.25938783590007153,0.2008479994192431,0.18605215438825556,0.967897747765226,0.8951862942252155,15595
2024-03-18,1.787129280325851,0.9334341057124922,0.8050656561132932,,,0.8536951746133588,0.36045624467856796,0.30368671525367225,0.22038304867488934,2.107049382803715,0.9254383664085162,0.7579014427907278,15194
2024-03-25,0.9288989137868656,0.3946797174447736,1.5908904036227256,,,0.534219196342092,0.4209312737957457,0.33309074202516525,0.22838831556139924,1.0053921430189772,0.942880079868366,0.4875198729424352,13689
2024-04-01,1.1912823759752815,0.6442016644545632,1.0452191477968382,,,0.5470807115207184,0.5472649197852164,0.35280885010167695,0.23547036880493966,1.0235402488618741,0.9132778001665648,0.0926666604423833,14142
2024-04-08,1.1075545400263989,0.866693834576523,0.7686547766459856,,,0.2408607054498758,0.5439639469815113,0.33555830273463993,0.23558755003635132,0.01751628640644771,0.8709832331455204,0.6920010733597759,12780
2024-04-15,1.2508857962210878,0.3642743953815198,0.8189680345649991,,,0.886611400839568,0.5521930035380636,0.3870147555208994,0.24943912133003676,2.038761411428769,0.9354545862752484,0.5302678661058999,16880
2024-04-22,1.0725839336346084,0.8432109780647326,1.999996363370109,,,0.2293729555698758,0.47598144334500947,0.3791911453063118,0.24902107621003342,-0.06354501798075901,0.943244675372356,0.7064454663478625,15551
2024-04-29,1.3997823963289138,0.6814104358564628,0.3059708153418035,,,0.718371960472451,0.5188042555829427,0.3659472403672487,0.2585996656847766,1.4678755762591187,0.8772995655406965,0.3762491205644926,18196
2024-05-06,1.015140007099013,0.5013435016780139,0.8070564001144014,,,0.5137965054209992,0.5870382055757235,0.4109263773990878,0.26645120184395066,0.7859049495041848,0.8794314386680196,0.6186831592237639,41883
2024-05-13,0.9130269316776156,0.7178467248419204,0.5158707796242057,,,0.19518020683569526,0.41418040707475534,0.4126951391459928,0.2650257819437855,-0.22410701023946444,0.9341279532525688,0.8013725308178397,67839
2024-05-20,0.99763746344297,0.97975632100565,0.5637177866285511,0.2724119980955825,,0.017881142437319975,0.3613074537916164,0.4096307510463744,0.2629929572829063,-0.7832076475808223,0.9488587495013904,0.9505058332530016,63777
2024-05-27,1.0844118420266289,0.7186409235859799,0.7435759135925126,0.2185738570424455,,0.365770918440649,0.2731571932836659,0.4152808924746258,0.2650082114232542,0.32488629217786996,0.9450120361151568,0.8667694498369563,78122
2024-06-03,1.0292323240480237,0.5322480486787432,0.8848911034481871,,,0.49698427536928047,0.26895413577073624,0.45029921153666,0.26887148312750325,0.7315662126765207,0.9868019443115756,0.8079640606588151,74076
2024-06-10,0.9478900850337214,0.6678856689219319,0.8303192414470596,,,0.2800044161117895,0.29016018808975974,0.4522945822633595,0.24687497438779882,0.12427538558042733,0.8686452349837023,0.6335830131242852,88741
2024-06-17,1.2062645680965232,0.6795245146541665,1.2082884962424605,0.5477347644463509,,0.5267400534423566,0.41737491584101893,0.4271441883271286,0.2555446282761102,1.01048608419432,0.9299332954620404,0.914085355077118,145580
2024-06-24,0.8065205207037177,0.5261036057408549,0.7216067462486412,0.5406094682156202,,0.2804169149628628,0.3960364149715724,0.4076209359133417,0.2599452773178726,0.07670746885488669,0.9189464388157688,0.9125105743181404,128025
2024-07-01,0.8324056939421686,0.5909694957873484,0.7651250405940625,0.7822466604361699,,0.2414361981548202,0.3321493956679573,0.38410981950058026,0.2595893334878139,-0.06869360543394966,0.9608480049324494,0.9256891280747092,173276
2024-07-08,0.6419874524671119,0.4918831791254502,0.5726702949515763,0.4897451670605858,,0.15010427334166165,0.29967435997542535,0.37712855549225616,0.26225461706780673,-0.42739632255183063,0.9131668383219732,0.8973027429636765,297602
2024-07-15,0.8664909700892223,0.6086889666382284,0.9288529326314814,0.5642960521489517,,0.2578020034509939,0.23243984747758467,0.3287586018469812,0.2654612330381011,-0.02931347414571473,0.9158032816734332,0.7073475013485274,364244
2024-07-22,0.7728406758216201,0.5132055064525989,0.8984718609947985,0.2082293111163286,,0.2596351693690212,0.22724441107912427,0.3310864644469155,0.27167608023294815,-0.04683023341499262,0.8103964135526602,0.5904389528219582,328657
2024-07-29,0.7372441379253782,0.3952269046439555,0.8296546130880412,0.6311480983595332,,0.34201723328142275,0.25238966986077493,0.30213610081683634,0.2765582027957803,0.25572647063096904,0.8741976722112084,0.6522982496227598,286911
2024-08-05,0.9699929248151562,1.0972226371181542,1.0349815696493003,0.6870546729377083,,-0.12722971230299795,0.18305617344961,0.25282639176114424,0.27527124419522486,-1.5609222959617908,0.951543595134669,0.7899155970095734,314546
2024-08-12,0.7718177657225676,0.5782235257491065,0.9884755957264398,0.340029057973268,,0.19359423997346104,0.16700423258022679,0.25270439431020314,0.2862941184123628,-0.38461573789313647,0.8100687767711291,0.690438939764632,441757
2024-08-19,0.7096180806055153,0.5074536871878206,0.5487469083600033,0.1000036648112377,,0.20216439341769477,0.15263653859239518,0.2668800290010012,0.29188544638010644,-0.3810447937325379,0.8185952088394434,0.5546776308991859,495198
2024-08-26,0.86980564860491,0.5493916442756087,0.7945618213638088,0.2260240890171438,,0.32041400432930134,0.14723573135436482,0.2633910356078207,0.2882790341875151,0.13761439961322558,0.8692828121830547,0.6970043756722317,380352
2024-09-02,0.8209292695444347,0.5083692040855552,0.9221473830099354,0.1758510847226184,,0.3125600654588795,0.2571831757948342,0.24920455792240517,0.2979469464772469,0.06538010679222336,0.8777356956011874,0.6765504573428174,388802
2024-09-09,0.601710509018059,0.2911065730929651,0.3361920513980299,0.1497765654730606,,0.3106039359250939,0.2864355997827424,0.2515583671388132,0.29955834991506364,0.04946762215625998,0.600633702701761,0.3444993779598653,464674
2024-09-16,0.7946761132498329,0.5717021694722447,0.622683295822264,0.6477923654179909,,0.22297394377758817,0.29163798737271573,0.2281917433184464,0.3037512969534364,-0.36772790123002574,0.8616693517181799,0.6772489955297656,568315
2024-09-23,0.479900128105969,0.351433691962791,0.504828347881132,0.1627874021210514,,0.128466436143178,0.2436510953261849,0.2165032449477014,0.3038071308469389,-0.798381153084614,0.6710147266729438,0.5271242612748219,1047350
2024-09-30,0.265962195529706,0.2035099521769057,0.3169297993267958,0.2227007419548238,,0.06245224335280031,0.18112413979966513,0.2027352484244691,0.30029904204142466,-1.0712665891571829,0.3047979435230937,0.1903803635191953,1223017
2024-10-07,0.4417680230586218,0.3655741129580604,0.6390761467371501,0.2594895580528643,,0.07619391010056137,0.12252163334353199,0.19704983586746141,0.2978240344863764,-0.9902230802599602,0.8838901232872037,0.7747133143105432,1574615
2024-10-14,0.3741477469027524,0.2457036367454536,0.4991581774147636,0.3646970472253268,,0.12844411015729879,0.09888917493845964,0.1870992286910233,0.2933861471410357,-0.7335233690415336,0.7927469864825923,0.6282276683742855,2355280
2024-10-21,0.4315255523770832,0.3108878933788747,0.29013947090538,0.2784572390200344,,0.1206376589982085,0.09693198065221727,0.1764071125086531,0.29555923538760065,-0.7858765464130916,0.7185070498762341,0.6124783010050414,2730897
2024-10-28,0.7023131728871522,0.6437344304931264,0.7602039486010858,0.6345121142789547,,0.05857874239402583,0.09596360541252365,0.15460415167116104,0.2852470829539854,-1.0262964499494183,0.9867814621369724,0.9622722680068276,1584660
2024-11-04,0.6603996939959149,0.6053562646397919,0.6371154362419775,0.4525359286582371,,0.05504342935612305,0.09067598522641407,0.16862516256801646,0.28416539416795167,-1.032710670145948,0.9778923965213276,0.9627709227331668,1644859
2024-11-11,1.0062173730203292,0.7742486730212554,1.3316965544354344,0.7938650487584791,,0.23196869999907377,0.11655713268685781,0.17157704410844823,0.28029240131702826,-0.21869384811715586,0.982944206760094,0.965729499251584,1537274
2024-11-18,0.6800411331876897,0.624960128336856,0.7008926087205762,0.3922929726719824,,0.05508100485083367,0.10016796915001411,0.16026293729561278,0.27597309084482985,-0.9898307147356237,0.9800762503956508,0.978459830631353,1514043
2024-11-25,0.7136555109872406,0.7447659543313946,0.7299312294637929,0.4428150009117695,,-0.031110443344154026,0.07774567271546914,0.13322259516688545,0.26959361940280463,-1.3238186400283207,0.9917962413884104,0.9819040561732828,1671556
2024-12-02,0.7443717356411048,0.7576078222416794,0.848882397498662,0.5807523344851719,,-0.013236086600574626,0.060675793726294724,0.10816135270077358,0.2688371211368938,-1.236948497357321,0.9697353041022848,0.9661972485616336,1886820
2024-12-09,0.6615175624026791,0.8839083402880477,0.7835851143194531,0.843508690956712,,-0.22239077788536854,-0.05291407574481585,0.06716175933073801,0.2576006361582456,-2.0205027124169743,0.9733881345051296,0.9812421154434764,3703342
2024-12-16,0.846751112267964,0.9745498769949704,0.7274038511049887,0.6695325866162016,,-0.12779876472700646,-0.09863401813927589,0.04017924329192303,0.24980047254779253,-1.55091106896828,0.9755641918689166,0.996558850052676,3588047
2024-12-23,0.8184269082503501,0.8459969488746929,0.9642467693176257,0.5192133370644185,,-0.027570040624342762,-0.09774891745932307,0.028176437386729133,0.24634784006823437,-1.1128439739600795,0.9712525064520036,0.9777932441570192,1982331
2024-12-30,0.8172373726615488,0.776655541241461,0.9687815685051006,0.4044594787130562,,0.040581831420087866,-0.08429443795415745,0.026494098007289715,0.24153700400850403,-0.8112934890723149,0.9762537095663232,0.952336124226106,1477033
2025-01-06,0.8793688702301047,0.707297037005467,1.0046423804864104,0.5610712908222822,,0.1720718332246377,0.014321214823344114,0.0338693228629879,0.23590150423933634,-0.25964187953893353,0.9855278487629988,0.9128956474806852,1930557
2025-01-13,0.9631362992781668,0.7460588244899153,1.145151904714014,0.5579477225454267,,0.21707747478825146,0.1005402747021586,0.0406872739884458,0.23588996501183745,-0.07652385847987543,0.9274628583822778,0.9190496163807532,1173213
2025-01-20,0.8902133708993991,0.8303084359792281,0.980202659113996,0.8799747934984482,,0.059904934920171016,0.12240901858828704,0.03601552598244291,0.23067506206108085,-0.6923462345963842,0.9558576703793352,0.9552331691714336,1012420
2025-01-27,0.8505956674503536,0.8447513422168205,0.8342570202838725,0.560707538869035,,0.005844325233533176,0.11372464204164837,0.03195903235471271,0.2136616313024897,-0.9027298274947632,0.9830943086434668,0.9826339936712584,1369788
2025-02-03,0.921551646211864,0.8152131429541488,1.1540972530647962,0.5395513484449384,0.1000036648112377,0.10633850325771521,0.09729130954991774,0.035904807270219795,0.2170706847496171,-0.48736516272685615,0.9909107700519656,0.9718805381168596,1060619
2025-02-10,0.8312078334694113,0.7675838760034618,0.9847026765361508,0.4559762495076764,,0.06362395746594951,0.058927930219342256,0.022955211690748697,0.21498294731384826,-0.6634966356289379,0.9955156035402536,0.9825408056299844,1200291
2025-02-17,0.8375465152132422,0.8026802349297323,0.8705970564151486,0.5343882171488381,,0.03486628028350991,0.05266826656017698,0.02140023287787764,0.21454348755521652,-0.7864922202307422,0.9814179344267784,0.9852497094207252,1189922
2025-02-24,0.8366020081670498,0.7767823979714781,0.7972486785962098,0.5930559824224675,,0.05981961019557169,0.06616208780068661,0.028394852380933464,0.21007234390756635,-0.6556218986780575,0.9850146260548353,0.8985012044174511,1009341
2025-03-03,0.8941959402542613,0.7207066551131186,0.7403616565478627,0.6426735287831792,,0.1734892851411427,0.08294978327154348,0.04275834251491172,0.21260586616868762,-0.17156110772897004,0.9881348624884996,0.9065120107621284,996969
2025-03-10,0.8437324920284411,0.7298629832817924,0.837345172292971,0.7053095841078081,,0.1138695087466487,0.09551117109171828,0.06862451840968228,0.20990980678564825,-0.42061584358165693,0.9867508099299444,0.7745877531602562,1021832
2025-03-17,0.8142068371974426,0.6962598306305734,0.7243618253642046,0.4298211742470065,,0.11794700656686918,0.1162813526625581,0.08752803927844194,0.195760803553985,-0.3710858235506322,0.9953879433688906,0.9057910016935028,938993
2025-03-24,0.8383027594208905,0.6461231746991994,0.8677560099156395,0.3921746850596895,,0.19217958472169105,0.14937134629408794,0.10443185661275224,0.1891831187151311,0.014677138060592468,0.9814850887203156,0.8961581016121302,945970
2025-03-31,0.805842429907535,0.6348883070635861,0.7355919314789152,0.6263624367178382,,0.17095412284394884,0.14873755571978947,0.1144604944145877,0.1819499150867317,-0.055592204422222964,0.9968028889612296,0.948787545919352,929146
2025-04-07,0.7342680169587096,0.6603548016493485,0.6686281876970405,0.5819207061587823,,0.07391321530936112,0.13874848236046758,0.10690983149802796,0.17873938643018333,-0.5289619588027203,0.9906999415700556,0.977136142288894,868326
2025-04-14,0.7801983878866712,0.7175316439442467,0.8015966614061097,0.3907441573894861,,0.06266674394242444,0.1249284167043564,0.09503208297142587,0.16289429687446907,-0.5839858878294314,0.9834372603990428,0.9688328904909852,1183718
2025-04-21,1.048530164786252,0.8928042656333525,1.0106511825752975,0.6988525855649663,,0.15572589915289947,0.1158149953121585,0.10240292637394346,0.16147800732798873,-0.03356523596791532,0.9832324705196072,0.9858003922563292,1001186
2025-04-28,1.046295335638301,0.7799838053279915,1.0055735698367398,0.4650335089658803,,0.2663115303103094,0.13965434717874864,0.12243886522600318,0.15278453751717833,0.7417458106391394,0.9727875646400668,0.9438484676350758,1277020
2025-05-05,0.9254478082657912,0.7062733012817317,0.9857685679131132,0.6257412632280731,,0.2191745069840595,0.17596967009742323,0.13111855782033735,0.1471187298549295,0.49813827235079533,0.9909730335376402,0.9431239517323724,1217135
2025-05-12,0.8715449330268593,0.6634365616227499,0.7286358768699478,0.6160952976926786,,0.20810837140410943,0.21233007696284448,0.1422327435078881,0.14736734840432206,0.4196402718343496,0.9737971541209156,0.9399404888465884,1001205
2025-05-19,1.2126715622934023,0.8258828909279617,0.9939038793069732,0.6436593364589501,,0.3867886713654406,0.27009577001597973,0.16930369666803663,0.1544617239606321,1.5773145824066135,0.9135341097970204,0.7864885180669561,1134327
2025-05-26,1.147532689313524,0.7499844889241152,1.0424472368063982,0.8537794967123334,,0.39754820038940886,0.30290493753575465,0.19528281899063948,0.15507282553656976,1.635590741892986,0.9882376113996288,0.925756590922596,972909
2025-06-02,0.9601707729043516,0.7340533702526547,0.884042796232843,0.4940458610453619,,0.22611740265169689,0.304640661452664,0.1993311357222206,0.14986384721507776,0.542500268508295,0.9896699845421022,0.9812680370824416,1097731
2025-06-09,0.9557460455463545,0.7709965405223552,0.8910362264206269,0.5641925081086532,,0.18474950502399923,0.2988009448576364,0.2047834431281706,0.14803202200185103,0.26330879366152377,0.9965883805596172,0.9762612395116338,1395449
2025-06-16,0.8021963612902848,0.6671322089578045,0.732298566503209,0.5644453528090254,,0.13506415233248037,0.23586981509939636,0.20610014664860227,0.1404997931343534,-0.04221595286696114,0.9955139678161234,0.967556449942234,1321205
2025-06-23,0.8667440235004162,0.6007744006348108,0.8180410389884932,0.5970741373832277,,0.26596962286560544,0.2029751707184455,0.21177630342890333,0.14022196059402153,0.9788445713756967,0.9964766562976798,0.9377770156677626,1309771
2025-06-30,0.8974950416775168,0.6215668911886045,0.7682627839908547,0.559901243581199,,0.2759281504889123,0.21542785767774936,0.21985122863236206,0.14088526736967716,1.0461482543138692,0.9936516633917336,0.947642908651872,1352444
2025-07-07,0.925034475949531,0.5981974165124456,0.7810425923208014,0.7634472217664025,,0.3268370594370854,0.2509497462810209,0.23930690894987933,0.14428397479458915,1.3868155658331163,0.993316955303272,0.9625668920956504,1360319
2025-07-14,0.9668604892783772,0.6592394130866212,0.8952416211891694,0.6641758994145194,,0.30762107619175605,0.2940889772458398,0.2581495498921356,0.14524203388575765,1.2240751382531423,0.993751025908582,0.952804659705626,1422792
2025-07-21,0.967989257184868,0.8261306720209467,0.7970119431255857,0.3057194364436968,,0.14185858516392125,0.2630612178204188,0.25708283343144495,0.1429770995741211,-0.008495166719472093,0.9921820861602336,0.9519347032542308,1352048
2025-07-28,0.851699143361633,0.7849296056027406,0.8195734625511195,0.7141018239004215,,0.06676953775889238,0.2107715646379138,0.24173344938902824,0.1376838746602263,-0.5496719766135111,0.9949272763890672,0.97567628088364,1317171
2025-08-04,0.9339314196574354,0.7402418736683599,0.8228345775859677,0.6816341128158967,,0.1936895459890755,0.17748468627591132,0.2397730677740295,0.1438553988581508,0.40300733874604283,0.9970728249539156,0.9627633658029224,1472298
2025-08-11,0.8794021783284687,0.7374241995251288,0.8126657349353256,0.6854842634081497,,0.14197797880333984,0.13607391192880727,0.23468611449704724,0.14286277845103307,-0.0071669466989914945,0.9982304317915076,0.9811524406093336,1406096
2025-08-18,0.9080563227659744,0.7343436387697161,0.7568264584330123,0.5914381493630674,,0.17371268399625828,0.14403743663689153,0.21829565393018707,0.14231563019292853,0.2547418068368069,0.9982672425318622,0.9796551640016326,1351075
2025-08-25,0.8988822217404201,0.7699680615325138,0.8268724507633033,0.5274106618774681,,0.12891416020790625,0.159573592249145,0.19763149699314841,0.1386329408829017,-0.08054793630552902,0.99536839444557,0.9738799220114388,1302874
2025-09-01,0.9089681244372428,0.7190827106267816,0.8612239155371422,0.3317961059717048,,0.1898854138104612,0.15862255920449142,0.19484442092843796,0.13627381296658597,0.45292092142018814,0.995115307159176,0.9791908586943872,1456817
2025-09-08,0.9312606628801882,0.6950470685228035,0.8096402866209068,0.5494994071289722,,0.23621359435738465,0.18218146309300262,0.19880319703100605,0.13484322947489924,0.8689571356984893,0.9969654842479424,0.9393147602069012,1841945
2025-09-15,0.9351964849911528,0.6719484735828889,0.7473489306156864,0.6897955182194347,,0.2632480114082639,0.20456529494600403,0.2086634938829894,0.13561773077548916,1.0872746729547151,0.9959966355536602,0.9727891237567272,1871397
2025-09-22,0.9784882226120438,0.7989408945407256,1.0295680032507917,1.1733731725874352,,0.17954732807131824,0.21722358691185703,0.20201562505265963,0.1366000556202611,0.36539017825065734,0.9963087066001172,0.9567619732368338,2354699
2025-09-29,0.8732846361332597,0.747585321680366,1.0819655975810405,1.4414956749558456,,0.12569931445289373,0.20117706207246516,0.19045956074219667,0.13781634544910903,-0.10349170954422014,0.997508461231444,0.9684490076835816,2750341
2025-10-06,0.9106714726151502,0.857684644104945,0.9651962542513784,1.1233171101173678,,0.0529868285102052,0.1553703706106703,0.16939415836320587,0.13737005541852526,-0.7189779707500995,0.9980361570186465,0.9818164219068388,3065118
2025-10-13,0.8608936767344995,0.822530812209691,0.9064178149346062,1.0332554014034276,0.909866618242786,0.038362864524808415,0.09914908388980642,0.14868198823497913,0.1356377237717466,-0.8232332912294336,0.997860979143678,0.9818475919587132,3806731
2025-10-20,0.901808231150218,0.9815100806153236,0.963061258460862,1.1684320090570115,1.1614550789650695,-0.07970184946510561,0.03433678950570046,0.13163887787890013,0.13178504091668286,-1.735369054798647,0.9971754210630656,0.9905124611613888,4746796
2025-10-27,0.9554717843524874,0.961307336145529,0.8813014980941767,1.2513825746665508,,-0.005835551793041627,0.0014530729442166213,0.12605387099028983,0.1305463044900085,-1.1092482053273471,0.9976910358150162,0.9920691243199116,5095285
2025-11-03,0.9461082077270702,0.8451209228950394,0.942409112952974,1.357387331056778,,0.10098728483203079,0.013453187024673019,0.11892292782436333,0.1314298401722375,-0.24838684433662805,0.9976301444846228,0.9823022626686682,5406935
2025-11-10,0.9804315608253362,0.6583171874770424,1.0192750457498532,1.623437535414332,,0.32211437334829385,0.08439106423054438,0.13277957355859055,0.13316341081356864,1.5160822533062617,0.9970181044774208,0.9268056043587682,5276775
2025-11-17,0.8699410008867987,0.6855055863155177,0.7851915661297182,1.805107536340804,,0.184435414571281,0.15042538023964103,0.13360439898743845,0.13565099561588495,0.39237030259309935,0.9963357886539852,0.9183982691389736,5932560
2025-11-24,0.8953578731132867,1.0497361981108315,0.917934729897718,1.5976335930577437,,-0.15437832499754478,0.11328968693851524,0.11181266935624991,0.1332804594302428,-2.235566798296442,0.9981691501250548,0.98352877464651,6946091
2025-12-01,0.9074583500598912,0.9458626666689832,0.8883033110226876,1.999996363370109,,-0.03840431660909205,0.07844178657823453,0.09425192086243814,0.1327964550070021,-1.3242471601873658,0.9988173065462664,0.9859246271759314,8617041
2025-12-08,0.9298139387129418,0.8828024482826129,0.8787132617281703,1.999996363370109,,0.04701149043032893,0.0096660658487433,0.07969791286804923,0.13797726785922704,-0.7591832696940819,0.998574106591955,0.975479150783501,8722574
2025-12-15,0.93466295993987,0.8821304051102958,0.9424903507190028,1.2531860610041108,,0.052532554829574196,-0.0233096490866834,0.0634890315927654,0.14144517785069977,-0.7767494716880298,0.9991241298415158,0.9895056191513836,10447689
2025-12-22,0.9265142845546324,0.9265848678619114,0.908958465626986,1.999996363370109,,-7.058330727904849e-05,0.015267286335883035,0.049672269179027145,0.14197401356833558,-1.2489350049831291,0.9986488425212758,0.9890117414345254,10645811
2025-12-29,0.9920377173883624,0.9083168795649784,1.0084192072157576,0.6013915918274683,,0.08372083782338402,0.04579857494400205,0.04644315559214178,0.14280360984532206,-0.5222359294509941,0.9984455818444694,0.993254177840106,13019314
2026-01-05,0.9530898168344208,0.9555989036100664,0.9499994794977672,1.3585848960245226,,-0.0025090867756455415,0.033418430642508434,0.04217423903169172,0.13944628446070123,-1.236260618311227,0.9989697040364736,0.9955371281853528,13021102
2026-01-12,0.9436077154382392,0.8876732881546797,0.9255415880976804,1.0564555982652253,0.1658417277031559,0.05593442728355946,0.03426889875600475,0.0435258977054418,0.1363473797009956,-0.7000668393639382,0.9981140882883084,0.9900019433345012,9670726
2026-01-19,0.9011060314335276,0.9316426715724748,0.9101195838933556,0.7714516249192134,0.4312015008887671,-0.03053664013894719,0.026652384548087715,0.04730783688437707,0.13460811864216643,-1.414944196951773,0.997934354829795,0.9931096197614202,12653729
2026-01-26,0.9375122897195196,1.0135155490526586,1.0005938397224148,0.7396664942091888,1.4462775880634413,-0.076003259333139,-0.013278639741043041,0.04191032091975419,0.13303412663126887,-1.7564034774523005,0.9986456103933448,0.9956316132479118,8725664
