week,wallet_type,alpha,alpha_se,r2,n_trades,n_bins_used,mean_cal_error,longshot_fraction,date
2022-W50,bot,0.7476506243546938,0.2542149384672157,0.7723563965947385,649,10,0.1104006163328197,0.1217257318952234,2022-12-12
2022-W51,bot,0.1890079909819796,0.0379719173019671,0.5673745868226081,354,10,0.2559322033898304,0.192090395480226,2022-12-19
2023-W01,bot,0.1000036648112377,0.0253340355762296,0.4280993221731729,286,7,0.2185314685314685,0.0594405594405594,2023-01-02
2023-W02,bot,0.7355997579429585,0.1192441149461072,0.514302724804661,490,10,0.15,0.2530612244897959,2023-01-09
2023-W03,bot,0.5139891375065732,0.0743140404715255,0.6784385598006932,812,10,0.1147783251231527,0.2536945812807882,2023-01-16
2023-W04,bot,0.5771544154866027,0.0669034002661416,0.628093651523646,788,10,0.1611675126903553,0.1700507614213198,2023-01-23
2023-W05,bot,0.7717085471746286,0.0625323507851291,0.8822145365602683,1164,10,0.0903780068728522,0.211340206185567,2023-01-30
2023-W06,bot,0.8680851461791019,0.067996909065518,0.9304897494345366,1294,10,0.0462132921174652,0.2635239567233385,2023-02-06
2023-W07,bot,0.6588092630784719,0.1015528903157444,0.8455393563602676,1349,10,0.1012972572275759,0.2320237212750185,2023-02-13
2023-W08,bot,0.4701855829044997,0.0367003098366526,0.7183806550735672,1504,10,0.1471409574468085,0.2240691489361702,2023-02-20
2023-W09,active_retail,0.1000036648112377,0.0076294931993927,0.4998923798045472,224,7,0.3401785714285714,0.1473214285714285,2023-02-27
2023-W09,bot,0.2129689728932511,0.0660322075113424,0.2447345933493171,2298,10,0.2630113141862489,0.2389033942558746,2023-02-27
2023-W10,active_retail,0.1000036648112377,0.0004260920369439,0.3625036164889638,906,10,0.3637969094922735,0.0629139072847682,2023-03-06
2023-W10,bot,0.9890120452166586,0.0499343691863875,0.7297768052243054,4518,10,0.1216910137228862,0.1582558654271801,2023-03-06
2023-W10,sophisticated,0.3267512816939665,0.0727352536969871,0.4365871596869695,395,10,0.1882278481012658,0.1822784810126582,2023-03-06
2023-W11,active_retail,0.6321108629996358,0.0409167184775082,0.9681200631931464,1873,10,0.0772824345969033,0.2786972770955686,2023-03-13
2023-W11,bot,0.4825187897232673,0.0152276608434584,0.9754206690610976,4800,10,0.1124583333333333,0.1797916666666666,2023-03-13
2023-W11,sophisticated,0.4793410145158178,0.06294005379518,0.8328132794625267,557,10,0.124685816876122,0.2100538599640933,2023-03-13
2023-W12,active_retail,0.5031838392899671,0.0589744777779681,0.8664378331247953,764,10,0.1178010471204188,0.369109947643979,2023-03-20
2023-W12,bot,0.4973368466548918,0.013365890032241,0.9617745793399476,4779,10,0.1152019250889307,0.243147101904164,2023-03-20
2023-W12,sophisticated,0.3065286860892608,0.135894364039123,0.835046356796564,413,9,0.1512106537530266,0.2203389830508474,2023-03-20
2023-W13,active_retail,0.6308528909740899,0.0529860179768588,0.7913236233412918,491,10,0.1074338085539714,0.395112016293279,2023-03-27
2023-W13,bot,0.8128403443097459,0.024205716897573,0.9168471096167956,4197,10,0.0847867524422206,0.2883011675005956,2023-03-27
2023-W13,sophisticated,0.6945726092454484,0.0820225071972397,0.8080573469719933,462,10,0.1056277056277056,0.2748917748917749,2023-03-27
2023-W14,bot,0.6145488829174846,0.0247307854688875,0.9594628336372284,2067,10,0.0941702951136913,0.2283502660861151,2023-04-03
2023-W14,sophisticated,0.646008721211628,0.1142934465441101,0.5981845410753609,326,10,0.1337423312883435,0.2975460122699386,2023-04-03
2023-W15,bot,1.0477030178020326,0.1266071616042125,0.6903617164144965,1369,10,0.11245434623813,0.1848064280496713,2023-04-10
2023-W15,sophisticated,1.1383721618161813,0.4107131550675803,0.2473959178667713,218,5,0.2009174311926605,0.5458715596330275,2023-04-10
2023-W16,bot,1.03186885237224,0.070739693474298,0.861180592950565,1791,10,0.0796482412060301,0.2345058626465661,2023-04-17
2023-W17,bot,0.7709357532503698,0.0581393060947769,0.5940007079723355,1479,10,0.1534482758620689,0.2616632860040568,2023-04-24
2023-W18,bot,0.4697095773127965,0.0271638835167726,0.6264287715021273,1508,10,0.1935676392572944,0.1923076923076923,2023-05-01
2023-W19,active_retail,0.4550622916053587,0.0556805538161111,0.6604112943389245,604,10,0.1869205298013245,0.152317880794702,2023-05-08
2023-W19,bot,0.5841335252268332,0.0375439051734643,0.7573238514019418,2945,10,0.1539049235993209,0.1483870967741935,2023-05-08
2023-W19,sophisticated,0.8246587014651745,0.11142760606219,0.8820620918264175,387,9,0.0719638242894057,0.2868217054263566,2023-05-08
2023-W20,bot,0.6595879625137493,0.0284558077193959,0.9595253067175882,1988,10,0.0748490945674044,0.2635814889336016,2023-05-15
2023-W20,sophisticated,0.6925306288671574,0.0911761537688326,0.7668578383531516,331,10,0.1034743202416918,0.3141993957703927,2023-05-15
2023-W21,active_retail,0.6343268649254842,0.1091446909902911,0.7720247241388801,385,9,0.0923376623376623,0.4337662337662337,2023-05-22
2023-W21,bot,0.7538492404067636,0.0506336854467106,0.8842651315892633,2426,10,0.0838417147568013,0.2382522671063479,2023-05-22
2023-W21,sophisticated,0.9688878084091156,0.2080230164441834,0.844505354076154,426,10,0.0795774647887324,0.3075117370892019,2023-05-22
2023-W22,bot,0.8367434429247153,0.0418629733714265,0.8918185383252939,1764,10,0.0880952380952381,0.2375283446712018,2023-05-29
2023-W22,sophisticated,1.2544980680258648,0.3114117407067259,0.6421648024880067,217,10,0.1467741935483871,0.3456221198156682,2023-05-29
2023-W23,active_retail,0.2353224926941418,0.0667038438123321,0.9269995578183676,354,7,0.2545197740112994,0.1497175141242938,2023-06-05
2023-W23,bot,0.535279911146722,0.0235416535908022,0.9562618765307944,1402,10,0.1069900142653352,0.3559201141226819,2023-06-05
2023-W23,sophisticated,0.4813987459837716,0.1434593165967982,0.880723047817408,218,8,0.1087155963302752,0.4311926605504587,2023-06-05
2023-W24,active_retail,0.1000036648112377,0.196830876647234,0.2385896002804154,202,6,0.2792079207920792,0.3217821782178218,2023-06-12
2023-W24,bot,1.5018300266479532,0.2499384028689441,0.4793429987968751,1098,10,0.1676684881602914,0.2759562841530054,2023-06-12
2023-W25,active_retail,0.548825304992896,0.0242098891179395,0.9179366475680212,1540,10,0.1196753246753246,0.3006493506493506,2023-06-19
2023-W25,bot,0.6334130101313746,0.0136862186538907,0.9279992590429648,6931,10,0.0993291011398066,0.2571057567450584,2023-06-19
2023-W25,sophisticated,0.5561787881569429,0.0331561352103493,0.8807105508856485,1206,10,0.1179933665008291,0.3142620232172471,2023-06-19
2023-W26,active_retail,0.5767389841023823,0.0784608696202016,0.6623505452703866,404,10,0.1292079207920791,0.3564356435643564,2023-06-26
2023-W26,bot,0.6327227979353616,0.0272302885987274,0.7226806632750618,1942,10,0.0991761071060762,0.3470648815653965,2023-06-26
2023-W26,sophisticated,0.969759906141249,0.1771930164295556,0.885331538980188,252,7,0.0865079365079365,0.3492063492063492,2023-06-26
2023-W27,bot,0.6865266684731638,0.029903388210644,0.7613176785568531,1938,10,0.0769349845201238,0.3519091847265221,2023-07-03
2023-W27,sophisticated,0.7453670055124523,0.0560814514532282,0.8120357416706225,483,9,0.0700828157349896,0.4720496894409938,2023-07-03
2023-W28,active_retail,0.6646807548857886,0.1043934167961729,0.5991796102261764,258,10,0.1034883720930232,0.4186046511627907,2023-07-10
2023-W28,bot,0.676190282067821,0.0411049990273096,0.6156919397997838,2233,10,0.1058889386475593,0.2485445588893864,2023-07-10
2023-W28,sophisticated,0.854689293222255,0.1304533972180661,0.5218062802005328,492,10,0.1347560975609756,0.3394308943089431,2023-07-10
2023-W29,active_retail,0.6565482679554053,0.1509100003745875,0.7981920124062519,422,10,0.0926540284360189,0.457345971563981,2023-07-17
2023-W29,bot,0.7476062409510923,0.0317855756458044,0.963794778338028,2824,10,0.058356940509915,0.1990084985835694,2023-07-17
2023-W29,sophisticated,0.9108751778066154,0.0944140696927662,0.7459994601461445,410,10,0.0670731707317073,0.373170731707317,2023-07-17
2023-W30,active_retail,0.5738179766924443,0.0425817203976611,0.9027039057061222,526,10,0.1134980988593156,0.2965779467680608,2023-07-24
2023-W30,bot,0.5102810919294178,0.0139802909846298,0.8956030274451412,4554,10,0.1453008344312692,0.1585419411506368,2023-07-24
2023-W30,sophisticated,0.5334168295337407,0.0348308546651969,0.8228712597950805,678,10,0.1454277286135693,0.1696165191740413,2023-07-24
2023-W31,active_retail,0.4883347544472436,0.0492143960514981,0.7659634848772255,618,9,0.1389967637540453,0.3996763754045307,2023-07-31
2023-W31,bot,0.5764816144613961,0.0169285286187058,0.9023983239902112,4023,10,0.1109992542878448,0.2522992791449167,2023-07-31
2023-W31,sophisticated,0.5373772843529749,0.0569801496506419,0.9245164109672178,565,10,0.1062831858407079,0.2106194690265486,2023-07-31
2023-W32,active_retail,0.6578103944141074,0.0511944428763992,0.7848989468346705,589,10,0.0880305602716468,0.3887945670628183,2023-08-07
2023-W32,bot,0.5975025293399945,0.0187508916961464,0.8664984310504645,3978,10,0.100402212166918,0.2390648567119155,2023-08-07
2023-W32,sophisticated,0.5849064238393368,0.1090782783036156,0.3734160273863834,487,10,0.1317248459958932,0.3921971252566735,2023-08-07
2023-W33,active_retail,0.9361062019225102,0.1047426083770717,0.7486646414713265,325,10,0.0589230769230769,0.4123076923076923,2023-08-14
2023-W33,bot,0.5565109826047971,0.0188963081107281,0.9542844787703698,3565,10,0.0951612903225806,0.3046283309957924,2023-08-14
2023-W33,sophisticated,0.6723224074185181,0.0581237226411913,0.9296674819853508,705,10,0.0819148936170212,0.2865248226950355,2023-08-14
2023-W34,active_retail,0.7481428715395245,0.0920630732319818,0.8594872667095784,308,9,0.074025974025974,0.4253246753246753,2023-08-21
2023-W34,bot,0.6595582106345498,0.0241048842459653,0.911692184859822,2639,10,0.0711064797271693,0.3717317165593027,2023-08-21
2023-W34,sophisticated,0.8649714929103189,0.1132317041922631,0.8036722108715346,539,10,0.0819109461966604,0.3562152133580705,2023-08-21
2023-W35,active_retail,0.62550594507219,0.0929437768374653,0.7580171473973683,317,9,0.1020504731861198,0.4637223974763407,2023-08-28
2023-W35,bot,1.1334533834162417,0.0711950502483537,0.933793505611024,1768,10,0.0507918552036199,0.3088235294117647,2023-08-28
2023-W35,sophisticated,0.7388243342121462,0.1068929644865319,0.9117993207480616,415,10,0.0721686746987951,0.3734939759036144,2023-08-28
2023-W36,active_retail,1.1256188400356126,0.1826222737931922,0.9140835572751784,218,6,0.0678899082568807,0.5642201834862385,2023-09-04
2023-W36,bot,0.9354474664284376,0.0448642918706337,0.8938371792682142,1744,10,0.0689793577981651,0.2901376146788991,2023-09-04
2023-W36,sophisticated,0.8450632048924378,0.127860986981932,0.607303445826129,266,9,0.1037593984962405,0.3496240601503759,2023-09-04
2023-W37,active_retail,0.7965998950215026,0.2402869941545223,0.5486245886303069,220,8,0.115,0.4590909090909091,2023-09-11
2023-W37,bot,1.023410852180126,0.0596720522062386,0.694601344075936,2394,10,0.1096908939014202,0.3132832080200501,2023-09-11
2023-W37,sophisticated,1.0598201297794805,0.3692298755215354,0.4696464904281825,314,10,0.1535031847133758,0.267515923566879,2023-09-11
2023-W38,active_retail,0.7756390204785873,0.1510185637181822,0.3248633090594818,305,10,0.1080327868852459,0.3901639344262295,2023-09-18
2023-W38,bot,0.7805797182607912,0.0485423445998167,0.7573337134083304,2791,10,0.1228412755284844,0.2056610533858832,2023-09-18
2023-W38,sophisticated,0.7457251213375661,0.1231882132963717,0.8929500423734769,249,10,0.0785140562248995,0.2208835341365461,2023-09-18
2023-W39,active_retail,1.013920212467357,0.1627225273288758,0.6939770190861488,326,9,0.1199386503067484,0.3926380368098159,2023-09-25
2023-W39,bot,1.1394832861484068,0.0537720190837075,0.7774145544573828,3475,10,0.0815395683453237,0.3145323741007194,2023-09-25
2023-W39,sophisticated,0.7846057282335803,0.1635896019541212,0.6106991962879352,341,10,0.1585043988269794,0.2961876832844575,2023-09-25
2023-W40,active_retail,0.7060845042980497,0.1218055309769788,0.9000948652816717,291,10,0.077147766323024,0.3745704467353952,2023-10-02
2023-W40,bot,0.9509573655375902,0.0339282616422577,0.9827371555203828,4761,10,0.0345410628019323,0.2814534761604705,2023-10-02
2023-W40,sophisticated,0.7993294877485753,0.0741792632563025,0.9610823833713458,464,10,0.0581896551724137,0.3168103448275862,2023-10-02
2023-W41,active_retail,0.643879338292958,0.0570930336919585,0.9022292201869307,457,10,0.0898249452954047,0.4135667396061269,2023-10-09
2023-W41,bot,0.848773641256026,0.0216315984618063,0.935986436261058,5156,10,0.0450155159038013,0.2959658650116369,2023-10-09
2023-W41,sophisticated,0.7655776709539006,0.060313159101031,0.9201724875121672,529,10,0.0656899810964083,0.3270321361058601,2023-10-09
2023-W42,active_retail,0.384476376643399,0.0390856341286276,0.7351085544612155,721,10,0.1666435506241331,0.3023578363384188,2023-10-16
2023-W42,bot,0.743690628758414,0.0237666286469866,0.9493901400320622,5231,10,0.0602466067673485,0.2940164404511565,2023-10-16
2023-W42,sophisticated,0.6042932056360287,0.0768253007001915,0.7269314358245735,570,10,0.1008771929824561,0.3578947368421052,2023-10-16
2023-W43,active_retail,0.757586001391513,0.0973711825780729,0.8768309939643648,533,10,0.0931519699812382,0.3902439024390244,2023-10-23
2023-W43,bot,0.7652230715683482,0.027331412004958,0.8885664646909366,4146,10,0.0603714423540761,0.3072841292812349,2023-10-23
2023-W43,sophisticated,0.8628234974300959,0.0719745044613817,0.9394519511949212,583,10,0.0527444253859348,0.3018867924528302,2023-10-23
2023-W44,active_retail,0.6330531436531146,0.0612772220814114,0.9303516129047084,575,10,0.0859999999999999,0.2626086956521739,2023-10-30
2023-W44,bot,1.2278638125951344,0.065970916892034,0.9575700907103476,5052,10,0.0592834520981789,0.2193190815518606,2023-10-30
2023-W44,sophisticated,0.862228283533562,0.10514254910089,0.6962769720701766,624,10,0.0897435897435897,0.3381410256410256,2023-10-30
2023-W45,active_retail,0.4876490457153811,0.0847893182932973,0.8846954939574737,287,10,0.123170731707317,0.2508710801393728,2023-11-06
2023-W45,bot,0.5989402919452551,0.0188032239518216,0.9237028539116996,4268,10,0.0943533270852858,0.2265698219306466,2023-11-06
2023-W45,sophisticated,0.7363370599876973,0.0928421772264758,0.869211422471472,327,10,0.095565749235474,0.3302752293577982,2023-11-06
2023-W46,active_retail,0.5971417205131901,0.0416218281529417,0.8978173162310499,590,10,0.1064406779661017,0.3033898305084745,2023-11-13
2023-W46,bot,1.0305060487602808,0.0260508006274165,0.9902827765115888,6533,10,0.0250191336292667,0.2694015000765345,2023-11-13
2023-W46,sophisticated,0.7602541659539515,0.0566400716298199,0.927651230359686,606,10,0.0744224422442244,0.2904290429042904,2023-11-13
2023-W47,active_retail,0.5679618537601216,0.0573529614541805,0.9800019853405396,352,10,0.103125,0.2954545454545454,2023-11-20
2023-W47,bot,0.847647003165271,0.0321398606307231,0.955877130485809,3355,10,0.0390312965722802,0.3189269746646795,2023-11-20
2023-W47,sophisticated,0.7953713894754284,0.0867105924310993,0.9024646075693668,490,10,0.0677551020408163,0.3346938775510204,2023-11-20
2023-W48,active_retail,0.6369006560031831,0.0701816931053881,0.9095923632081524,372,10,0.1005376344086021,0.3897849462365591,2023-11-27
2023-W48,bot,0.9375227276443416,0.036916877809496,0.9712488099269256,4901,10,0.0374515405019383,0.2848398286064068,2023-11-27
2023-W48,sophisticated,0.7073815323386873,0.0740695115373205,0.8838510645303731,352,10,0.0764204545454545,0.3153409090909091,2023-11-27
2023-W49,active_retail,0.7171975745865644,0.0733181791871392,0.7992283877019354,384,9,0.0567708333333333,0.3932291666666667,2023-12-04
2023-W49,bot,0.7432993978133527,0.023382615790411,0.9320240936019496,4642,10,0.0674924601464886,0.3162429987074537,2023-12-04
2023-W49,sophisticated,0.7142896945842606,0.1756722766059328,0.7988202833509442,301,9,0.0775747508305648,0.4617940199335548,2023-12-04
2023-W50,active_retail,0.4690920553740629,0.0492884229026994,0.935489280732774,439,10,0.1146924829157175,0.3849658314350797,2023-12-11
2023-W50,bot,0.8309984963784037,0.0272271867087361,0.948837847748644,4519,10,0.0601128568267315,0.2708563841557866,2023-12-11
2023-W50,sophisticated,1.010665216556632,0.2111314664329119,0.7655394349232074,209,10,0.0930622009569377,0.2105263157894736,2023-12-11
2023-W51,active_retail,0.6263049046557831,0.0787874310970258,0.8943181702215676,300,10,0.0923333333333333,0.3033333333333333,2023-12-18
2023-W51,bot,0.9041146476723326,0.0389043464206995,0.9483219584461006,3572,10,0.0570548712206047,0.2774356103023516,2023-12-18
2023-W51,sophisticated,0.7326760672911108,0.1650562573298973,0.8232802605532551,220,8,0.09,0.4727272727272727,2023-12-18
2023-W52,active_retail,0.6528027419721578,0.0424926353966393,0.950084268066372,629,10,0.0811605723370429,0.4260731319554849,2023-12-25
2023-W52,bot,0.8047695902848403,0.0166484873912613,0.9377114971684124,8443,10,0.0571893876584152,0.3058154684353902,2023-12-25
2023-W52,sophisticated,0.6131921866591812,0.0414767271202277,0.7769144597619708,639,9,0.111658841940532,0.4037558685446009,2023-12-25
2024-W01,active_retail,0.4434958367767904,0.0261548162753486,0.9290864934414452,2190,10,0.1078995433789954,0.4292237442922374,2024-01-01
2024-W01,bot,0.7342411433028565,0.0103962481748614,0.9441418414327182,16786,10,0.0625342547360896,0.2969736685333015,2024-01-01
2024-W01,sophisticated,0.4808407001086436,0.0662227999216292,0.949766555273114,2027,10,0.102047360631475,0.3399111988159842,2024-01-01
2024-W02,active_retail,0.6696261876901096,0.05126944081375,0.9350661557041156,584,10,0.075,0.4794520547945205,2024-01-08
2024-W02,bot,1.134744008911467,0.0510361233278882,0.9447631656080628,13216,10,0.0540405569007264,0.366752421307506,2024-01-08
2024-W02,sophisticated,0.7151005508836953,0.0778146168865874,0.8428788168732841,614,10,0.0941368078175896,0.4315960912052117,2024-01-08
2024-W03,active_retail,0.7765756331920671,0.0689984169262801,0.7736488954379823,429,10,0.0779720279720279,0.4195804195804196,2024-01-15
2024-W03,bot,0.994253147810262,0.0204489896069712,0.8770929183189818,15481,10,0.0552322201408177,0.4029455461533492,2024-01-15
2024-W03,sophisticated,0.9258813542436368,0.0819980889362713,0.8052312636208665,906,10,0.0790286975717439,0.4105960264900662,2024-01-15
2024-W04,active_retail,0.8232174721117017,0.18387863861414,0.7787567980491179,248,10,0.0915322580645161,0.4758064516129032,2024-01-22
2024-W04,bot,1.1542973604712163,0.0327023990057892,0.9390380539811768,13409,10,0.045808785144306,0.3461108210903125,2024-01-22
2024-W04,sophisticated,0.9345070944597842,0.1385875442247464,0.717459392160207,614,10,0.0876221498371335,0.3452768729641693,2024-01-22
2024-W05,active_retail,0.1375641377496065,0.0548437393694334,0.2339576509556534,255,10,0.2668627450980392,0.2862745098039215,2024-01-29
2024-W05,bot,1.0281068624298777,0.0190443454474017,0.8960617495615261,15900,10,0.0561132075471698,0.2893710691823899,2024-01-29
2024-W05,sophisticated,0.5708570069374568,0.0585661772346336,0.7741597425321072,613,10,0.1283034257748776,0.3507340946166394,2024-01-29
2024-W06,active_retail,1.0141847748744648,0.1353810492026934,0.5574385534302323,542,10,0.1798892988929889,0.2933579335793358,2024-02-05
2024-W06,bot,0.9432524988815556,0.0217677301575423,0.7736180777615504,17327,10,0.0744127662030357,0.3165579731055578,2024-02-05
2024-W06,sophisticated,0.5034615451202649,0.0434748674491941,0.5945239993142133,1182,10,0.1520304568527918,0.2538071065989847,2024-02-05
2024-W07,active_retail,0.7970946464259149,0.0766345402188921,0.9704181940023648,457,10,0.037527352297593,0.3129102844638949,2024-02-12
2024-W07,bot,0.9692809505518452,0.023381962832207,0.9563821151824669,14218,10,0.0370023913349275,0.4099029399352933,2024-02-12
2024-W07,sophisticated,0.791860557292363,0.1030736460575736,0.7337922663411787,649,10,0.1179506933744222,0.3281972265023112,2024-02-12
2024-W08,active_retail,0.8787408455374748,0.3493684065397024,0.6604227010709418,379,10,0.1117414248021108,0.3799472295514511,2024-02-19
2024-W08,bot,0.9364590332698344,0.0173470381560307,0.8550672392798717,18475,10,0.0532801082543978,0.4312855209742895,2024-02-19
2024-W08,sophisticated,1.0425116083291623,0.1159894407287074,0.9767698840979864,775,10,0.0394193548387096,0.3329032258064516,2024-02-19
2024-W09,active_retail,0.9222959879015844,0.1377857612318079,0.6419670815189,482,10,0.0939834024896265,0.3278008298755187,2024-02-26
2024-W09,bot,1.2146150677749656,0.0368142191301154,0.9289840343189144,23383,10,0.0508638754650814,0.4261215412906812,2024-02-26
2024-W09,sophisticated,0.9210477643732268,0.0868460699643634,0.8735909523731751,837,10,0.0709080047789725,0.3142174432497013,2024-02-26
2024-W10,active_retail,1.0725317458073524,0.1561745222150589,0.8978504313213547,483,10,0.0698757763975155,0.2670807453416149,2024-03-04
2024-W10,bot,1.114277873370188,0.0420863880722675,0.9026081372028588,12707,10,0.0632604076493271,0.3695600849925238,2024-03-04
2024-W10,sophisticated,0.5673501681166762,0.086263108258039,0.5514880084298481,562,10,0.1524911032028469,0.2330960854092526,2024-03-04
2024-W11,active_retail,0.7097958106602,0.070567566134621,0.8951862942252155,384,10,0.0802083333333333,0.3854166666666667,2024-03-11
2024-W11,bot,0.9638604073248964,0.0234270953925488,0.967897747765226,14745,10,0.035615462868769,0.4309257375381485,2024-03-11
2024-W11,sophisticated,1.204033468621714,0.2386792258973962,0.8068225572872414,466,10,0.0806866952789699,0.3283261802575107,2024-03-11
2024-W12,active_retail,0.9334341057124922,0.1497257122844185,0.7579014427907278,325,10,0.1152307692307692,0.3292307692307692,2024-03-18
2024-W12,bot,1.787129280325851,0.1178219918117616,0.9254383664085162,14401,10,0.0677557114089299,0.367682799805569,2024-03-18
2024-W12,sophisticated,0.8050656561132932,0.0774880094689612,0.8094030720472569,468,10,0.0679487179487179,0.4444444444444444,2024-03-18
2024-W13,active_retail,0.3946797174447736,0.0875608963091943,0.4875198729424352,306,10,0.1905228758169934,0.2875816993464052,2024-03-25
2024-W13,bot,0.9288989137868656,0.0192074885450288,0.942880079868366,13000,10,0.0498,0.3331538461538461,2024-03-25
2024-W13,sophisticated,1.5908904036227256,0.3758948923256917,0.6646639922495163,383,10,0.1186684073107049,0.2689295039164491,2024-03-25
2024-W14,active_retail,0.6442016644545632,0.2269416474300872,0.0926666604423833,249,10,0.2042168674698795,0.3413654618473896,2024-04-01
2024-W14,bot,1.1912823759752815,0.0329721647815449,0.9132778001665648,13543,10,0.0508934504910285,0.3322749760023628,2024-04-01
2024-W14,sophisticated,1.0452191477968382,0.1857770508592005,0.6785534024831081,350,10,0.1111428571428571,0.36,2024-04-01
2024-W15,active_retail,0.866693834576523,0.2297776727579589,0.6920010733597759,228,8,0.1280701754385965,0.425438596491228,2024-04-08
2024-W15,bot,1.1075545400263989,0.0238351000444405,0.8709832331455204,12199,10,0.0678703172391179,0.3114189687679318,2024-04-08
2024-W15,sophisticated,0.7686547766459856,0.1322378158655526,0.7996520740025813,353,9,0.1168555240793201,0.3994334277620396,2024-04-08
2024-W16,active_retail,0.3642743953815198,0.0741352609352833,0.5302678661058999,242,10,0.1549586776859504,0.4132231404958678,2024-04-15
2024-W16,bot,1.2508857962210878,0.0374921712944945,0.9354545862752484,16193,10,0.0518464768727227,0.409806706601618,2024-04-15
2024-W16,sophisticated,0.8189680345649991,0.0805447257227129,0.7495332574170919,445,10,0.1001123595505618,0.4314606741573034,2024-04-15
2024-W17,active_retail,0.8432109780647326,0.1140847041370512,0.7064454663478625,279,10,0.1177419354838709,0.3512544802867383,2024-04-22
2024-W17,bot,1.0725839336346084,0.0197329933617537,0.943244675372356,14871,10,0.0352061058435882,0.3921726850917894,2024-04-22
2024-W17,sophisticated,1.999996363370109,0.461327295847587,0.737364176224387,401,10,0.1455112219451371,0.4389027431421446,2024-04-22
2024-W18,active_retail,0.6814104358564628,0.0986624202778905,0.3762491205644926,450,10,0.1808888888888888,0.4955555555555556,2024-04-29
2024-W18,bot,1.3997823963289138,0.0534221803137668,0.8772995655406965,17171,10,0.0666093995690408,0.3880962087240114,2024-04-29
2024-W18,sophisticated,0.3059708153418035,0.0798678296237982,0.2823238613487326,575,10,0.2753913043478261,0.488695652173913,2024-04-29
2024-W19,active_retail,0.5013435016780139,0.0326281316594171,0.6186831592237639,1802,10,0.1706437291897891,0.3229744728079911,2024-05-06
2024-W19,bot,1.015140007099013,0.0130593562106832,0.8794314386680196,38197,10,0.0704387779144959,0.3477760033510485,2024-05-06
2024-W19,sophisticated,0.8070564001144014,0.044012724670164,0.8392340736125457,1884,10,0.1046709129511677,0.239384288747346,2024-05-06
2024-W20,active_retail,0.7178467248419204,0.0235384009206727,0.8013725308178397,2759,10,0.0928053642624139,0.479159115621602,2024-05-13
2024-W20,bot,0.9130269316776156,0.0080746434144216,0.9341279532525688,62715,10,0.0469162082436418,0.3588615163836403,2024-05-13
2024-W20,sophisticated,0.5158707796242057,0.0304755822751378,0.8217420401092117,2365,10,0.1155813953488372,0.3234672304439746,2024-05-13
2024-W21,active_retail,0.97975632100565,0.0386971729967581,0.9505058332530016,3373,10,0.048161873702935,0.3637711236288171,2024-05-20
2024-W21,bot,0.99763746344297,0.0098081485231221,0.9488587495013904,57819,10,0.0410773275220948,0.3680105155744651,2024-05-20
2024-W21,casual,0.2724119980955825,0.0731078298359724,0.3493674621764916,296,6,0.1371621621621621,0.4797297297297297,2024-05-20
2024-W21,sophisticated,0.5637177866285511,0.0241033869693751,0.7016932189770049,2289,10,0.1299038881607689,0.4447356924421144,2024-05-20
2024-W22,active_retail,0.7186409235859799,0.017285853116168,0.8667694498369563,4938,10,0.0829485621709194,0.3418388011340624,2024-05-27
2024-W22,bot,1.0844118420266289,0.0202336526050222,0.9450120361151568,70427,10,0.0451112499467533,0.4315532395246141,2024-05-27
2024-W22,casual,0.2185738570424455,0.0446561142537773,0.8009310339176445,269,8,0.2236059479553903,0.3345724907063197,2024-05-27
2024-W22,sophisticated,0.7435759135925126,0.0272215526730847,0.8271204514667654,2488,10,0.0702572347266881,0.395096463022508,2024-05-27
2024-W23,active_retail,0.5322480486787432,0.013213963496942,0.8079640606588151,5742,10,0.1108150470219435,0.4285963079066527,2024-06-03
2024-W23,bot,1.0292323240480237,0.0177277357278656,0.9868019443115756,65620,10,0.0329015544041451,0.4303108808290155,2024-06-03
2024-W23,sophisticated,0.8848911034481871,0.031057127440142,0.9651683986044746,2714,10,0.0347457627118644,0.559322033898305,2024-06-03
2024-W24,active_retail,0.6678856689219319,0.0155277761598224,0.6335830131242852,7321,10,0.1039407184810818,0.5888539816964895,2024-06-10
2024-W24,bot,0.9478900850337214,0.0112434705543217,0.8686452349837023,77823,10,0.063612942189327,0.4620227953175796,2024-06-10
2024-W24,sophisticated,0.8303192414470596,0.0278863619425528,0.9114962489260924,3597,10,0.0544759521823742,0.4317486794551015,2024-06-10
2024-W25,active_retail,0.6795245146541665,0.0104113916724254,0.914085355077118,13452,10,0.0729854296758846,0.4889235801367826,2024-06-17
2024-W25,bot,1.2062645680965232,0.0277640512403153,0.9299332954620404,121284,10,0.0446720094983674,0.4331733781867353,2024-06-17
2024-W25,casual,0.5477347644463509,0.1149180731887228,0.8562573759838676,308,10,0.111038961038961,0.3246753246753247,2024-06-17
2024-W25,sophisticated,1.2082884962424605,0.0676100663807691,0.8874007068737183,10536,10,0.0421412300683371,0.4809225512528474,2024-06-17
2024-W26,active_retail,0.5261036057408549,0.0087252869179751,0.9125105743181404,13506,10,0.1213016437139049,0.3564341774026359,2024-06-24
2024-W26,bot,0.8065205207037177,0.0054179845115823,0.9189464388157688,106276,10,0.052107719522752,0.3905209078249087,2024-06-24
2024-W26,casual,0.5406094682156202,0.1147867616837257,0.9166284863512584,225,7,0.113111111111111,0.2711111111111111,2024-06-24
2024-W26,sophisticated,0.7216067462486412,0.0167969587744131,0.8634707052916226,8018,10,0.0740084809179346,0.4230481416812172,2024-06-24
2024-W27,active_retail,0.5909694957873484,0.0080959305229376,0.9256891280747092,16300,10,0.0944907975460122,0.4231288343558282,2024-07-01
2024-W27,bot,0.8324056939421686,0.0068731805497685,0.9608480049324494,142232,10,0.0428117441925867,0.4616752910737386,2024-07-01
2024-W27,casual,0.7822466604361699,0.174720440499057,0.3416385360066433,429,10,0.1663170163170163,0.2867132867132867,2024-07-01
2024-W27,sophisticated,0.7651250405940625,0.0134754488320467,0.9552267669103666,14315,10,0.0554907439748515,0.468250087320992,2024-07-01
2024-W28,active_retail,0.4918831791254502,0.0045282954783317,0.8973027429636765,32080,10,0.1211689526184538,0.4461346633416458,2024-07-08
2024-W28,bot,0.6419874524671119,0.002233213754469,0.9131668383219732,235184,10,0.0729539424450642,0.4809085652085176,2024-07-08
2024-W28,casual,0.4897451670605858,0.0314042556817739,0.7932514443758231,908,10,0.1306167400881057,0.4548458149779735,2024-07-08
2024-W28,sophisticated,0.5726702949515763,0.0051079561202473,0.9215636172652812,29430,10,0.0980462113489636,0.4866462793068297,2024-07-08
2024-W29,active_retail,0.6086889666382284,0.0047274352120619,0.7073475013485274,49467,10,0.0752228758566316,0.5136353528615036,2024-07-15
2024-W29,bot,0.8664909700892223,0.0038077581627752,0.9158032816734332,292564,10,0.0423066405982964,0.4755438126358677,2024-07-15
2024-W29,casual,0.5642960521489517,0.0562162623708908,0.2636164384127764,585,10,0.1458974358974359,0.2752136752136752,2024-07-15
2024-W29,sophisticated,0.9288529326314814,0.012640150839567,0.9014323267314688,21628,10,0.0498150545589051,0.4636119844645829,2024-07-15
2024-W30,active_retail,0.5132055064525989,0.0051290847010709,0.5904389528219582,35903,10,0.1179302565245244,0.4562014316352394,2024-07-22
2024-W30,bot,0.7728406758216201,0.0044583073712633,0.8103964135526602,271549,10,0.0682880437784709,0.4247704834118336,2024-07-22
2024-W30,casual,0.2082293111163286,0.0338067699064035,0.3642130926936997,682,10,0.2483870967741935,0.3343108504398827,2024-07-22
2024-W30,sophisticated,0.8984718609947985,0.0210994486180515,0.8239231515108412,20523,10,0.0737294742484042,0.4019392876285143,2024-07-22
2024-W31,active_retail,0.3952269046439555,0.0059370211973311,0.6522982496227598,32353,10,0.1718835965752789,0.3100794362192068,2024-07-29
2024-W31,bot,0.7372441379253782,0.0035901280246175,0.8741976722112084,238179,10,0.0621261740119825,0.4232698936514134,2024-07-29
2024-W31,casual,0.6311480983595332,0.1108172758126244,0.9208183192562664,252,9,0.1,0.2857142857142857,2024-07-29
2024-W31,sophisticated,0.8296546130880412,0.0234817180062933,0.8849639826207671,16127,10,0.0755410181682892,0.3617535809511998,2024-07-29
2024-W32,active_retail,1.0972226371181542,0.0699580185544263,0.7899155970095734,28521,10,0.0632533922372988,0.2458188703060902,2024-08-05
2024-W32,bot,0.9699929248151562,0.0126740167635147,0.951543595134669,270413,10,0.042331729613591,0.4096918417383779,2024-08-05
2024-W32,casual,0.6870546729377083,0.2255017342116554,0.909218435289403,211,6,0.0959715639810426,0.3270142180094786,2024-08-05
2024-W32,sophisticated,1.0349815696493003,0.0281354858561701,0.9564320340026644,15401,10,0.0426563210181157,0.3017336536588533,2024-08-05
2024-W33,active_retail,0.5782235257491065,0.0076634545981384,0.690438939764632,39579,10,0.1007769271583415,0.1821167791000278,2024-08-12
2024-W33,bot,0.7718177657225676,0.0027470268133603,0.8100687767711291,384500,10,0.0629040312093628,0.4173107932379714,2024-08-12
2024-W33,casual,0.340029057973268,0.2406916453273294,0.2378882731731424,221,8,0.1490950226244344,0.2171945701357466,2024-08-12
2024-W33,sophisticated,0.9884755957264398,0.0257715759966856,0.8262261956474517,17457,10,0.0707022970728075,0.2829237555135476,2024-08-12
2024-W34,active_retail,0.5074536871878206,0.0059677391609814,0.5546776308991859,33234,10,0.1222723716675693,0.3096226755732081,2024-08-19
2024-W34,bot,0.7096180806055153,0.0024488621407473,0.8185952088394434,447444,10,0.0587720474517481,0.4703426574051725,2024-08-19
2024-W34,casual,0.1000036648112377,0.4432958998253616,0.201537910675264,244,9,0.3131147540983607,0.1639344262295081,2024-08-19
2024-W34,sophisticated,0.5487469083600033,0.0101014168486836,0.5934330177879287,14276,10,0.1493695713084897,0.3364387783692911,2024-08-19
2024-W35,active_retail,0.5493916442756087,0.0070628458177411,0.6970043756722317,29373,10,0.1091189187348926,0.2878153406189357,2024-08-26
2024-W35,bot,0.86980564860491,0.0053226703014514,0.8692828121830547,332039,10,0.0601671791566653,0.3659509876851816,2024-08-26
2024-W35,casual,0.2260240890171438,0.0268845379944529,0.6953613015061479,498,9,0.2365461847389557,0.1686746987951807,2024-08-26
2024-W35,sophisticated,0.7945618213638088,0.0154844340018759,0.7911720915271254,18442,10,0.0833586378917688,0.2993167769222427,2024-08-26
2024-W36,active_retail,0.5083692040855552,0.0075758512860309,0.6765504573428174,27840,10,0.1221408045977011,0.3182112068965517,2024-09-02
2024-W36,bot,0.8209292695444347,0.0048126996268527,0.8777356956011874,341738,10,0.0632387969731197,0.3761361042670115,2024-09-02
2024-W36,casual,0.1758510847226184,0.1946446294406624,0.7357486693361632,426,9,0.126056338028169,0.136150234741784,2024-09-02
2024-W36,sophisticated,0.9221473830099354,0.0342059419176851,0.8814843323474619,18798,10,0.0736940100010639,0.3207256091073518,2024-09-02
2024-W37,active_retail,0.2911065730929651,0.0043493116782417,0.3444993779598653,48013,10,0.2362287297190344,0.2090475496219773,2024-09-09
2024-W37,bot,0.601710509018059,0.0021805261589299,0.600633702701761,391823,10,0.1110793649173223,0.3946526875655589,2024-09-09
2024-W37,casual,0.1497765654730606,0.0177561493834388,0.6173756724142854,954,10,0.3059748427672956,0.0817610062893081,2024-09-09
2024-W37,sophisticated,0.3361920513980299,0.0062541375934318,0.4691510340190837,23884,10,0.2235471445319042,0.251256071009881,2024-09-09
2024-W38,active_retail,0.5717021694722447,0.0064729351963399,0.6772489955297656,72524,10,0.1086964315261155,0.2123986542385968,2024-09-16
2024-W38,bot,0.7946761132498329,0.0036953435038827,0.8616693517181799,464512,10,0.0684516223477542,0.3794218448608432,2024-09-16
2024-W38,casual,0.6477923654179909,0.0566336675396664,0.7409217743276248,683,10,0.0993411420204978,0.0907759882869692,2024-09-16
2024-W38,sophisticated,0.622683295822264,0.007984942251867,0.7392254971983474,30596,10,0.1113348150084978,0.3082755915805987,2024-09-16
2024-W39,active_retail,0.351433691962791,0.0034798684785697,0.5271242612748219,131273,10,0.1824392677854547,0.2013209113831481,2024-09-23
2024-W39,bot,0.479900128105969,0.0010375732562303,0.6710147266729438,863407,10,0.1416960367474435,0.3491400926793505,2024-09-23
2024-W39,casual,0.1627874021210514,0.0092549500816669,0.7886495859905476,957,9,0.2551201671891327,0.1494252873563218,2024-09-23
2024-W39,sophisticated,0.504828347881132,0.0045009948960289,0.6910452096851736,51713,10,0.1419149923616885,0.3316187419024229,2024-09-23
2024-W40,active_retail,0.2035099521769057,0.0014782459202525,0.1903803635191953,187687,10,0.3105918364084886,0.1210579315562612,2024-09-30
2024-W40,bot,0.265962195529706,0.0006914092608535,0.3047979435230937,984623,10,0.2717517770760991,0.2537783496830766,2024-09-30
2024-W40,casual,0.2227007419548238,0.0546596377136469,0.3456101069124127,987,9,0.2407801418439716,0.1621073961499493,2024-09-30
2024-W40,sophisticated,0.3169297993267958,0.0043131001078151,0.3861731089495877,49720,10,0.2478439259855189,0.1784593724859211,2024-09-30
2024-W41,active_retail,0.3655741129580604,0.0020177107313645,0.7747133143105432,255066,10,0.1947970329248116,0.0924937075109971,2024-10-07
2024-W41,bot,0.4417680230586218,0.000765426334413,0.8838901232872037,1254866,10,0.1582228700116187,0.2215463643130023,2024-10-07
2024-W41,casual,0.2594895580528643,0.0135519500777565,0.9154653666039804,1018,8,0.2445972495088408,0.1070726915520628,2024-10-07
2024-W41,sophisticated,0.6390761467371501,0.0050706694793068,0.9410548690570254,63665,10,0.0863370768868294,0.1383177570093458,2024-10-07
2024-W42,active_retail,0.2457036367454536,0.0013369052761316,0.6282276683742855,395239,10,0.2566175149719536,0.109083364748924,2024-10-14
2024-W42,bot,0.3741477469027524,0.000640287905619,0.7927469864825923,1869671,10,0.1836075705297884,0.2128246092494348,2024-10-14
2024-W42,casual,0.3646970472253268,0.020274359271274,0.7384637748837893,941,10,0.2178002125398512,0.1020191285866099,2024-10-14
2024-W42,sophisticated,0.4991581774147636,0.0032604672510491,0.8208994311295045,89429,10,0.1477278064162631,0.1644433013899294,2024-10-14
2024-W43,active_retail,0.3108878933788747,0.0014829807165029,0.6124783010050414,321927,10,0.2240630639865559,0.1548643015341987,2024-10-21
2024-W43,bot,0.4315255523770832,0.0006607766529025,0.7185070498762341,2214597,10,0.1674183835704644,0.2564620109211744,2024-10-21
2024-W43,casual,0.2784572390200344,0.0213321810804495,0.5986665414117062,4887,10,0.2255473705749948,0.2725598526703499,2024-10-21
2024-W43,sophisticated,0.29013947090538,0.0014532993771533,0.5876074719793568,189486,10,0.2501493514032699,0.1588296760710554,2024-10-21
2024-W44,active_retail,0.6437344304931264,0.0040609929783865,0.9622722680068276,141537,10,0.0578989946091834,0.2784148314574987,2024-10-28
2024-W44,bot,0.7023131728871522,0.0012962504306649,0.9867814621369724,1379214,10,0.0434058093957862,0.453751919571582,2024-10-28
2024-W44,casual,0.6345121142789547,0.0459435967508582,0.8139966927445494,1049,10,0.0975691134413727,0.3622497616777884,2024-10-28
2024-W44,sophisticated,0.7602039486010858,0.0069873300946944,0.9640648837652996,62860,10,0.0505902004454342,0.3356347438752784,2024-10-28
2024-W45,active_retail,0.6053562646397919,0.0041087213641233,0.9627709227331668,166346,10,0.0561432195544227,0.294091832686088,2024-11-04
2024-W45,bot,0.6603996939959149,0.001078965148165,0.9778923965213276,1419493,10,0.0535071677000168,0.4255131937952494,2024-11-04
2024-W45,casual,0.4525359286582371,0.0362526167374289,0.8764329373137685,1132,10,0.1414310954063604,0.2031802120141342,2024-11-04
2024-W45,sophisticated,0.6371154362419775,0.0052754873683921,0.934431144473977,57888,10,0.0761625898286346,0.306643864013267,2024-11-04
2024-W46,active_retail,0.7742486730212554,0.0049821361856068,0.965729499251584,178235,10,0.0405983673240385,0.4304317333856987,2024-11-11
2024-W46,bot,1.0062173730203292,0.0057554297135435,0.982944206760094,1300569,10,0.0366296982320815,0.4349088745003148,2024-11-11
2024-W46,casual,0.7938650487584791,0.0546132505559621,0.9587635617447504,907,10,0.054851157662624,0.1422271223814774,2024-11-11
2024-W46,sophisticated,1.3316965544354344,0.0253243379754811,0.9595463154910576,57563,10,0.0554079877699216,0.2860691763806612,2024-11-11
2024-W47,active_retail,0.624960128336856,0.0031444050284405,0.978459830631353,157602,10,0.055393967081636,0.3301671298587581,2024-11-18
2024-W47,bot,0.6800411331876897,0.001131045424694,0.9800762503956508,1299800,10,0.0538724419141406,0.42587167256501,2024-11-18
2024-W47,casual,0.3922929726719824,0.0307932202818504,0.82809188028475,1102,10,0.1757713248638838,0.2078039927404718,2024-11-18
2024-W47,sophisticated,0.7008926087205762,0.0054589750968529,0.9780135983365126,55539,10,0.0562082500585174,0.3450548263382488,2024-11-18
2024-W48,active_retail,0.7447659543313946,0.0068104240595506,0.9819040561732828,184370,10,0.0433807018495416,0.3045289363779356,2024-11-25
2024-W48,bot,0.7136555109872406,0.0012269970283389,0.9917962413884104,1427886,10,0.0419404630341637,0.5248927435383497,2024-11-25
2024-W48,casual,0.4428150009117695,0.0807285768055553,0.6043110606467192,1144,10,0.2197552447552447,0.2587412587412587,2024-11-25
2024-W48,sophisticated,0.7299312294637929,0.0063358264385243,0.9940575988656252,58156,10,0.0464612421762157,0.3331900405805076,2024-11-25
2024-W49,active_retail,0.7576078222416794,0.0055417004406441,0.9661972485616336,234354,10,0.0467156523891207,0.3089556824291457,2024-12-02
2024-W49,bot,0.7443717356411048,0.0012624262932727,0.9697353041022848,1599706,10,0.0439169447385957,0.4399445898183791,2024-12-02
2024-W49,casual,0.5807523344851719,0.0611432533962223,0.7039627074290529,849,10,0.108303886925795,0.3168433451118963,2024-12-02
2024-W49,sophisticated,0.848882397498662,0.0099865452046489,0.952840377994498,51911,10,0.0462724663366146,0.3550114619252181,2024-12-02
2024-W50,active_retail,0.8839083402880477,0.0051605179934577,0.9812421154434764,341572,10,0.0325694143548066,0.2966460951131826,2024-12-09
2024-W50,bot,0.6615175624026791,0.0006896687971802,0.9733881345051296,3307878,10,0.0454517669635942,0.4843534132758221,2024-12-09
2024-W50,casual,0.843508690956712,0.1217664992096262,0.8376363757995169,856,10,0.0591121495327103,0.169392523364486,2024-12-09
2024-W50,sophisticated,0.7835851143194531,0.0096408679572055,0.9793054760513652,53036,10,0.0401613998039067,0.3753676747869371,2024-12-09
2024-W51,active_retail,0.9745498769949704,0.0045676836061426,0.996558850052676,359643,10,0.0150600734617384,0.3299382999252036,2024-12-16
2024-W51,bot,0.846751112267964,0.0008059729073292,0.9755641918689166,3173280,10,0.0269775122270962,0.5190181767760803,2024-12-16
2024-W51,casual,0.6695325866162016,0.0248086551539074,0.8987264414890769,2233,10,0.0809449171518137,0.3385579937304075,2024-12-16
2024-W51,sophisticated,0.7274038511049887,0.0066273734193839,0.9726732541625648,52891,10,0.048765385415288,0.4788149212531432,2024-12-16
2024-W52,active_retail,0.8459969488746929,0.0060091145908525,0.9777932441570192,178787,10,0.0359212358840408,0.269493867003753,2024-12-23
2024-W52,bot,0.8184269082503501,0.0017306351782843,0.9712525064520036,1754237,10,0.0400502041628354,0.4247134224166974,2024-12-23
2024-W52,casual,0.5192133370644185,0.0662514675607249,0.3817695034570769,2355,10,0.1592144373673036,0.1664543524416135,2024-12-23
2024-W52,sophisticated,0.9642467693176257,0.0204785414984783,0.9581491041837676,46952,10,0.0503450332254217,0.3951269381495996,2024-12-23
2025-W01,active_retail,0.776655541241461,0.0056954421797994,0.952336124226106,125922,10,0.0491812391798097,0.3918298629310208,2024-12-30
2025-W01,bot,0.8172373726615488,0.0018806607343398,0.9762537095663232,1304120,10,0.038037987301782,0.3909854921326258,2024-12-30
2025-W01,casual,0.4044594787130562,0.1383207728607327,0.4909706387206235,3917,10,0.0862267041102885,0.1651774317079397,2024-12-30
2025-W01,sophisticated,0.9687815685051006,0.0278514133624755,0.955365065428214,43074,10,0.0481102289083902,0.3828063332869016,2024-12-30
2025-W02,active_retail,0.707297037005467,0.0031199690561104,0.9128956474806852,173226,10,0.0586049438306028,0.4322561278330042,2025-01-06
2025-W02,bot,0.8793688702301047,0.0014894207521192,0.9855278487629988,1706757,10,0.028602753643313,0.4011807187549253,2025-01-06
2025-W02,casual,0.5610712908222822,0.1442041073878817,0.5526102086914577,5283,10,0.072373651334469,0.167139882642438,2025-01-06
2025-W02,sophisticated,1.0046423804864104,0.0177713705497947,0.962404323462544,45291,10,0.0429412024464021,0.3887085734472632,2025-01-06
2025-W03,active_retail,0.7460588244899153,0.0046658003850708,0.9190496163807532,137498,10,0.0526124016349328,0.4450028364048932,2025-01-13
2025-W03,bot,0.9631362992781668,0.0038006420031344,0.9274628583822778,1000691,10,0.0426670670566638,0.358491282523776,2025-01-13
2025-W03,casual,0.5579477225454267,0.429536552395082,0.6977348787917823,3250,10,0.0563076923076923,0.1141538461538461,2025-01-13
2025-W03,sophisticated,1.145151904714014,0.0317839001616072,0.960677176167347,31774,10,0.0452791590608673,0.4177629508403097,2025-01-13
2025-W04,active_retail,0.8303084359792281,0.0092658354441404,0.9552331691714336,88859,10,0.0483400668474774,0.3562610427756333,2025-01-20
2025-W04,bot,0.8902133708993991,0.0023034239344018,0.9558576703793352,895504,10,0.0414505127838625,0.3795974110668406,2025-01-20
2025-W04,casual,0.8799747934984482,0.1929714402937444,0.811631346176515,1344,8,0.0555059523809524,0.1339285714285714,2025-01-20
2025-W04,sophisticated,0.980202659113996,0.0226652597203123,0.9437898415491676,26713,10,0.0498502601729495,0.386066709092951,2025-01-20
2025-W05,active_retail,0.8447513422168205,0.004810318556088,0.9826339936712584,129359,10,0.0319927488616949,0.3174498875223216,2025-01-27
2025-W05,bot,0.8505956674503536,0.0015658817542144,0.9830943086434668,1203365,10,0.0323572232863678,0.4087953364108146,2025-01-27
2025-W05,casual,0.560707538869035,0.0483525028546043,0.6863655423114443,3209,10,0.0956216889996883,0.3446556559675911,2025-01-27
2025-W05,sophisticated,0.8342570202838725,0.010550647257856,0.9648670920212308,33855,10,0.0439536257569044,0.4024516319598287,2025-01-27
2025-W06,active_retail,0.8152131429541488,0.00489736323935,0.9718805381168596,139000,10,0.0375841726618705,0.416431654676259,2025-02-03
2025-W06,bot,0.921551646211864,0.0026074335621978,0.9909107700519656,888641,10,0.0250016035721962,0.4583853322095199,2025-02-03
2025-W06,casual,0.5395513484449384,0.0171376559103278,0.5434798183149072,4851,10,0.1570913213770357,0.240775097917955,2025-02-03
2025-W06,one_shot,0.1000036648112377,1.3912612926078192e-17,-7.820892523759628,633,5,0.5790679304897316,0.0031595576619273,2025-02-03
2025-W06,sophisticated,1.1540972530647962,0.0354355873807595,0.9444628432711688,27494,10,0.055626682185204,0.4249654470066196,2025-02-03
2025-W07,active_retail,0.7675838760034618,0.0040482941726195,0.9825408056299844,151407,10,0.0399740434722304,0.4805656277450844,2025-02-10
2025-W07,bot,0.8312078334694113,0.0018597575750717,0.9955156035402536,1009294,10,0.0288611643386367,0.4675277966578618,2025-02-10
2025-W07,casual,0.4559762495076764,0.0159851151437654,0.841820766865949,5526,10,0.1057546145494028,0.0859572927976836,2025-02-10
2025-W07,sophisticated,0.9847026765361508,0.0194692875295212,0.9675505792113954,34064,10,0.0404092296852982,0.4315699859088774,2025-02-10
2025-W08,active_retail,0.8026802349297323,0.0040541027250865,0.9852497094207252,146260,10,0.0368453439081088,0.3804662929030493,2025-02-17
2025-W08,bot,0.8375465152132422,0.0020037417918501,0.9814179344267784,1005532,10,0.0372915034031736,0.4080804986812951,2025-02-17
2025-W08,casual,0.5343882171488381,0.0162591745101921,0.6414297620897264,7060,10,0.0888101983002832,0.053399433427762,2025-02-17
2025-W08,sophisticated,0.8705970564151486,0.0109587883108992,0.9729591483602412,31070,10,0.0403250724171226,0.4491792726102349,2025-02-17
2025-W09,active_retail,0.7767823979714781,0.0037823054792224,0.8985012044174511,130050,10,0.0460338331410995,0.5371549404075355,2025-02-24
2025-W09,bot,0.8366020081670498,0.0022545706855898,0.9850146260548353,841748,10,0.0327417469361376,0.4330963661333321,2025-02-24
2025-W09,casual,0.5930559824224675,0.0273149511413373,0.7188510563183788,2723,10,0.0614579507895704,0.1024605214836577,2025-02-24
2025-W09,sophisticated,0.7972486785962098,0.01083225078532,0.9681069207485457,34820,10,0.0475014359563469,0.4132395175186674,2025-02-24
2025-W10,active_retail,0.7207066551131186,0.0030801347154751,0.9065120107621284,148477,10,0.0448059295379082,0.5615213130653233,2025-03-03
2025-W10,bot,0.8941959402542613,0.0034601494225783,0.9881348624884996,814747,10,0.0301188589832181,0.4463631041292573,2025-03-03
2025-W10,casual,0.6426735287831792,0.0225390927626411,0.5380812289822519,4174,10,0.0467177767129852,0.0620507906085289,2025-03-03
2025-W10,sophisticated,0.7403616565478627,0.0089849446441902,0.9698556173384096,29571,10,0.0496178688580027,0.4203104392817287,2025-03-03
2025-W11,active_retail,0.7298629832817924,0.0032095163036665,0.7745877531602562,180442,10,0.0534155019341395,0.4795169638997573,2025-03-10
2025-W11,bot,0.8437324920284411,0.0025669105413798,0.9867508099299444,808290,10,0.0327333011666605,0.4604288064927192,2025-03-10
2025-W11,casual,0.7053095841078081,0.0267793431349769,0.373378287692628,2474,10,0.0504042037186742,0.1333872271624899,2025-03-10
2025-W11,sophisticated,0.837345172292971,0.0101663428591881,0.9487583677650528,30626,10,0.0506465095017305,0.4717886762881212,2025-03-10
2025-W12,active_retail,0.6962598306305734,0.003135930672338,0.9057910016935028,154642,10,0.049728404961136,0.4782788634394278,2025-03-17
2025-W12,bot,0.8142068371974426,0.0019777523590343,0.9953879433688906,751525,10,0.0318338711287049,0.4463537473803267,2025-03-17
2025-W12,casual,0.4298211742470065,0.0313946484239203,0.5635835701448566,6247,10,0.0552024971986554,0.026412678085481,2025-03-17
2025-W12,sophisticated,0.7243618253642046,0.009322977245761,0.99115389502356,26579,10,0.0481000037623687,0.46615749275744,2025-03-17
2025-W13,active_retail,0.6461231746991994,0.0036152633152928,0.8961581016121302,174959,10,0.0525125886636297,0.4801753553689721,2025-03-24
2025-W13,bot,0.8383027594208905,0.0023856975402704,0.9814850887203156,739780,10,0.0384043904944713,0.4148625266971262,2025-03-24
2025-W13,casual,0.3921746850596895,0.0619350795913266,0.5496608240349607,5193,10,0.0560080878105142,0.0292701713845561,2025-03-24
2025-W13,sophisticated,0.8677560099156395,0.0124635662648318,0.9815370301674282,26038,10,0.0333973423458023,0.4736154850602965,2025-03-24
2025-W14,active_retail,0.6348883070635861,0.003216514867863,0.948787545919352,155852,10,0.0499249287785848,0.4628108718527834,2025-03-31
2025-W14,bot,0.805842429907535,0.0021483510397127,0.9968028889612296,750403,10,0.0320757646224761,0.4442439595790529,2025-03-31
2025-W14,casual,0.6263624367178382,0.0607856332655424,0.747899833156434,709,8,0.068194640338505,0.159379407616361,2025-03-31
2025-W14,sophisticated,0.7355919314789152,0.0092914213703023,0.9896879389266122,22182,10,0.0467811739248038,0.4617708051573347,2025-03-31
2025-W15,active_retail,0.6603548016493485,0.0031154072520183,0.977136142288894,133921,10,0.0501919041823164,0.481843773567999,2025-04-07
2025-W15,bot,0.7342680169587096,0.0016026111684908,0.9906999415700556,707550,10,0.0428303300120132,0.4547226344427955,2025-04-07
2025-W15,casual,0.5819207061587823,0.0310567182005389,0.7505421149030329,2735,10,0.053363802559415,0.0614259597806215,2025-04-07
2025-W15,sophisticated,0.6686281876970405,0.007927541601183,0.9874620905254649,24120,10,0.0545936981757877,0.4791873963515755,2025-04-07
2025-W16,active_retail,0.7175316439442467,0.0034861304737162,0.9688328904909852,123272,10,0.0483881173340255,0.5044616782399897,2025-04-14
2025-W16,bot,0.7801983878866712,0.0015181062911522,0.9834372603990428,1017115,10,0.0402037626030488,0.4622348505331256,2025-04-14
2025-W16,casual,0.3907441573894861,0.0315740199618063,0.9286312089629354,2732,10,0.0583821376281113,0.1519033674963396,2025-04-14
2025-W16,sophisticated,0.8015966614061097,0.0063943102990504,0.9729964495852054,40599,10,0.0376203847385403,0.518978299958127,2025-04-14
2025-W17,active_retail,0.8928042656333525,0.0049755928472936,0.9858003922563292,86231,10,0.0190923217868284,0.4939986779696397,2025-04-21
2025-W17,bot,1.048530164786252,0.0037194113354717,0.9832324705196072,876777,10,0.0296153411870977,0.4108251014796236,2025-04-21
2025-W17,casual,0.6988525855649663,0.0359919900424193,0.9587347129962928,1324,8,0.0426737160120846,0.1873111782477341,2025-04-21
2025-W17,sophisticated,1.0106511825752975,0.0134649136509278,0.9905817596702552,36854,10,0.0223964834210669,0.4423943126933304,2025-04-21
2025-W18,active_retail,0.7799838053279915,0.0029418406751783,0.9438484676350758,207638,10,0.0363305367996224,0.4672651441450987,2025-04-28
2025-W18,bot,1.046295335638301,0.0033591717416738,0.9727875646400668,1029070,10,0.0296372452797186,0.4080995461921929,2025-04-28
2025-W18,casual,0.4650335089658803,0.055846381337596,0.5315322322445821,1012,9,0.0878458498023716,0.2480237154150197,2025-04-28
2025-W18,sophisticated,1.0055735698367398,0.0160134329244526,0.902793115375235,39300,10,0.0497226463104325,0.4337404580152671,2025-04-28
2025-W19,active_retail,0.7062733012817317,0.0047983836471944,0.9431239517323724,127577,10,0.0481846257554261,0.4605375577102455,2025-05-05
2025-W19,bot,0.9254478082657912,0.0031101822939764,0.9909730335376402,1046797,10,0.0283320930419174,0.4126635823373586,2025-05-05
2025-W19,casual,0.6257412632280731,0.088102097092256,0.9030304458010588,1063,10,0.0620413922859831,0.4590780809031044,2025-05-05
2025-W19,sophisticated,0.9857685679131132,0.034307865180643,0.9218445125040003,41698,10,0.0500647513070171,0.4675524005947527,2025-05-05
2025-W20,active_retail,0.6634365616227499,0.0050578408600769,0.9399404888465884,104701,10,0.048765054775026,0.4833860230561312,2025-05-12
2025-W20,bot,0.8715449330268593,0.0025324739776805,0.9737971541209156,865667,10,0.0365377795387834,0.4033236798907663,2025-05-12
2025-W20,casual,0.6160952976926786,0.0883602729038249,0.4688544644048271,361,8,0.0921052631578947,0.5401662049861495,2025-05-12
2025-W20,sophisticated,0.7286358768699478,0.0099440361380123,0.8635530734331622,30476,10,0.0707146607166294,0.4216432602703767,2025-05-12
2025-W21,active_retail,0.8258828909279617,0.0071956701200758,0.7864885180669561,97483,10,0.0580229373326631,0.4779602597375952,2025-05-19
2025-W21,bot,1.2126715622934023,0.0077364844917398,0.9135341097970204,992286,10,0.0598742701197034,0.4001618484993238,2025-05-19
2025-W21,casual,0.6436593364589501,0.0825170091584602,0.3132659608702681,791,10,0.1127054361567636,0.5663716814159292,2025-05-19
2025-W21,sophisticated,0.9939038793069732,0.0153010662435325,0.6874197742191444,43767,10,0.0898405191125734,0.4165924098064752,2025-05-19
2025-W22,active_retail,0.7499844889241152,0.0067000576474704,0.925756590922596,89403,10,0.0477808350950192,0.4034428374886749,2025-05-26
2025-W22,bot,1.147532689313524,0.0046453797771716,0.9882376113996288,857639,10,0.0333224701768459,0.3500109020228791,2025-05-26
2025-W22,casual,0.8537794967123334,0.106395282354428,0.6651692988118595,421,5,0.0566508313539192,0.346793349168646,2025-05-26
2025-W22,sophisticated,1.0424472368063982,0.0199776633694516,0.9786435736486752,25446,10,0.0344690717598051,0.3823390709738269,2025-05-26
2025-W23,active_retail,0.7340533702526547,0.007029942261226,0.9812680370824416,79724,10,0.0403567307209874,0.3741031558878129,2025-06-02
2025-W23,bot,0.9601707729043516,0.0025575758760031,0.9896699845421022,990170,10,0.0282726198531565,0.3027591221709403,2025-06-02
2025-W23,casual,0.4940458610453619,0.1411980127419778,0.7610713212516125,617,9,0.0892220421393841,0.3144246353322528,2025-06-02
2025-W23,sophisticated,0.884042796232843,0.0107788909789015,0.978282501773876,27220,10,0.0397795738427626,0.3533431300514327,2025-06-02
2025-W24,active_retail,0.7709965405223552,0.0053876677610578,0.9762612395116338,80051,10,0.0426409413998576,0.4157974291389239,2025-06-09
2025-W24,bot,0.9557460455463545,0.0019885576488688,0.9965883805596172,1276141,10,0.014318676384506,0.3140342642388263,2025-06-09
2025-W24,casual,0.5641925081086532,0.0650880942045955,0.850545849245167,699,10,0.105793991416309,0.4105865522174535,2025-06-09
2025-W24,sophisticated,0.8910362264206269,0.0094525784276941,0.9872303615802972,38558,10,0.030084547953732,0.3492401058146169,2025-06-09
2025-W25,active_retail,0.6671322089578045,0.004295889105704,0.967556449942234,84931,10,0.0512021523354252,0.4634350237251415,2025-06-16
2025-W25,bot,0.8021963612902848,0.0014990649870581,0.9955139678161234,1204248,10,0.031830984979838,0.3881160691153317,2025-06-16
2025-W25,casual,0.5644453528090254,0.0743324543338771,0.7187813659842082,1079,10,0.1289620018535681,0.4772937905468026,2025-06-16
2025-W25,sophisticated,0.732298566503209,0.0079371713771166,0.9918910424072246,30947,10,0.0474278605357546,0.4252754709664911,2025-06-16
2025-W26,active_retail,0.6007744006348108,0.0036872138475862,0.9377770156677626,208304,10,0.0508636416007373,0.4625595283815961,2025-06-23
2025-W26,bot,0.8667440235004162,0.0019976967795998,0.9964766562976798,1062994,10,0.0249664626517177,0.3136414692839282,2025-06-23
2025-W26,casual,0.5970741373832277,0.1146623202823362,0.8090613107140019,579,10,0.0658894645941278,0.4127806563039723,2025-06-23
2025-W26,sophisticated,0.8180410389884932,0.0111708581877258,0.9906998469803948,37894,10,0.035021375415633,0.3754684118857866,2025-06-23
2025-W27,active_retail,0.6215668911886045,0.0028010796624122,0.947642908651872,226618,10,0.047665675277339,0.4354155451023307,2025-06-30
2025-W27,bot,0.8974950416775168,0.0023102177816245,0.9936516633917336,1092517,10,0.0248864319731409,0.3242869447340407,2025-06-30
2025-W27,casual,0.559901243581199,0.0552085769177793,0.868831153000209,1050,10,0.0892380952380952,0.2285714285714285,2025-06-30
2025-W27,sophisticated,0.7682627839908547,0.0101996192548181,0.984243805325754,32259,10,0.0446340556123872,0.3519017948479494,2025-06-30
2025-W28,active_retail,0.5981974165124456,0.0029329642249899,0.9625668920956504,180994,10,0.0560134590096909,0.4388322264826458,2025-07-07
2025-W28,bot,0.925034475949531,0.0023106808529986,0.993316955303272,1152683,10,0.0228594938938112,0.3029002770059071,2025-07-07
2025-W28,casual,0.7634472217664025,0.0705959731829584,0.8999463041670411,729,10,0.0616598079561042,0.3086419753086419,2025-07-07
2025-W28,sophisticated,0.7810425923208014,0.0111417518513594,0.992624910340568,25913,10,0.0402481380002315,0.3546868367228804,2025-07-07
2025-W29,active_retail,0.6592394130866212,0.0029003044464899,0.952804659705626,184271,10,0.048309554948961,0.456838026602124,2025-07-14
2025-W29,bot,0.9668604892783772,0.0025134877577645,0.993751025908582,1213344,10,0.0221848049687475,0.303331948730121,2025-07-14
2025-W29,casual,0.6641758994145194,0.1435523750971044,0.8952938034503128,260,9,0.0869230769230769,0.3115384615384615,2025-07-14
2025-W29,sophisticated,0.8952416211891694,0.0152451247346282,0.9930551938881182,24917,10,0.0274651844122486,0.3378015009832644,2025-07-14
2025-W30,active_retail,0.8261306720209467,0.0047203101915911,0.9519347032542308,119701,10,0.0385640053132388,0.4246748147467439,2025-07-21
2025-W30,bot,0.967989257184868,0.0024707055968798,0.9921820861602336,1207533,10,0.0238894092335364,0.2866074881597438,2025-07-21
2025-W30,casual,0.3057194364436968,0.4728864547584231,0.6428044991827437,210,5,0.0980952380952381,0.2619047619047619,2025-07-21
2025-W30,sophisticated,0.7970119431255857,0.0094134287552935,0.9917376291326472,24604,10,0.0377133799382214,0.3699398471793204,2025-07-21
2025-W31,active_retail,0.7849296056027406,0.0035148084764018,0.97567628088364,132818,10,0.0369723983195049,0.4132798265295366,2025-07-28
2025-W31,bot,0.851699143361633,0.0017165053202092,0.9949272763890672,1155965,10,0.0252694934535215,0.296256374544212,2025-07-28
2025-W31,casual,0.7141018239004215,0.2525296100363977,0.8710934916668864,480,7,0.063125,0.2604166666666667,2025-07-28
2025-W31,sophisticated,0.8195734625511195,0.0118445398805156,0.972752433395817,27908,10,0.0460835602694568,0.3172567005876451,2025-07-28
2025-W32,active_retail,0.7402418736683599,0.0025846584046629,0.9627633658029224,209509,10,0.0402639027440348,0.4180870511529337,2025-08-04
2025-W32,bot,0.9339314196574354,0.0019696108266894,0.9970728249539156,1234258,10,0.0152049247402083,0.2789530227877801,2025-08-04
2025-W32,casual,0.6816341128158967,0.0974885502767676,0.8811967559547068,301,9,0.0762458471760797,0.2790697674418604,2025-08-04
2025-W32,sophisticated,0.8228345775859677,0.0101677021524928,0.9814270314071344,28230,10,0.0403152674459794,0.320368402408785,2025-08-04
2025-W33,active_retail,0.7374241995251288,0.0027670878529008,0.9811524406093336,173456,10,0.0391914952495157,0.4317002582787566,2025-08-11
2025-W33,bot,0.8794021783284687,0.0016800777936329,0.9982304317915076,1207983,10,0.0202775618531055,0.2784194810688561,2025-08-11
2025-W33,casual,0.6854842634081497,0.1023912171820366,0.7144043294344107,316,7,0.0873417721518987,0.3354430379746835,2025-08-11
2025-W33,sophisticated,0.8126657349353256,0.0110869414554692,0.9902008491468616,24341,10,0.0379257220327841,0.3572983854402037,2025-08-11
2025-W34,active_retail,0.7343436387697161,0.004322663422261,0.9796551640016326,89500,10,0.0414569832402234,0.4233854748603352,2025-08-18
2025-W34,bot,0.9080563227659744,0.0018807331251078,0.9982672425318622,1235110,10,0.0167368898316749,0.2830800495502424,2025-08-18
2025-W34,casual,0.5914381493630674,0.176655731172226,0.7599241052098902,263,9,0.1070342205323193,0.3726235741444867,2025-08-18
2025-W34,sophisticated,0.7568264584330123,0.0089175617241696,0.9839264134050096,26202,10,0.0474772918097855,0.4626364399664148,2025-08-18
2025-W35,active_retail,0.7699680615325138,0.0063333435793385,0.9738799220114388,60932,10,0.042975776275192,0.3884001838114619,2025-08-25
2025-W35,bot,0.8988822217404201,0.0020658467994593,0.99536839444557,1218006,10,0.0220358520401377,0.2809756273778618,2025-08-25
2025-W35,casual,0.5274106618774681,0.0937358628773808,0.856061164112901,473,9,0.0867864693446088,0.2684989429175475,2025-08-25
2025-W35,sophisticated,0.8268724507633033,0.0122227359046098,0.975737914920054,23463,10,0.0418296892980437,0.3809828240207987,2025-08-25
2025-W36,active_retail,0.7190827106267816,0.003591322621008,0.9791908586943872,116795,10,0.0403095166745152,0.440789417355195,2025-09-01
2025-W36,bot,0.9089681244372428,0.0021899433263946,0.995115307159176,1311051,10,0.0213395588729958,0.2700749246215441,2025-09-01
2025-W36,casual,0.3317961059717048,0.2805858283932709,0.5771880853160758,542,10,0.0841328413284133,0.3302583025830258,2025-09-01
2025-W36,sophisticated,0.8612239155371422,0.0101825503019612,0.9934145875750656,28429,10,0.0278008371733089,0.3480249041471737,2025-09-01
2025-W37,active_retail,0.6950470685228035,0.0035386415628203,0.9393147602069012,115381,10,0.0512896404087328,0.4475520232967299,2025-09-08
2025-W37,bot,0.9312606628801882,0.0019683134386408,0.9969654842479424,1691428,10,0.0145416180883844,0.2761530493760302,2025-09-08
2025-W37,casual,0.5494994071289722,0.1083663870269753,0.6919925700969103,852,10,0.0870892018779343,0.4377934272300469,2025-09-08
2025-W37,sophisticated,0.8096402866209068,0.0077270995450401,0.974996977661814,34284,10,0.0434342550460856,0.4238128573095321,2025-09-08
2025-W38,active_retail,0.6719484735828889,0.0024343704250706,0.9727891237567272,174775,10,0.0482262909455014,0.4940580746674295,2025-09-15
2025-W38,bot,0.9351964849911528,0.001938994620179,0.9959966355536602,1664947,10,0.0187415275080828,0.2626401921502606,2025-09-15
2025-W38,casual,0.6897955182194347,0.1417652781360044,0.92799342791867,724,10,0.0779005524861878,0.2665745856353591,2025-09-15
2025-W38,sophisticated,0.7473489306156864,0.0087099196224208,0.9941534306208644,30951,10,0.0435123259345416,0.4088074698717327,2025-09-15
2025-W39,active_retail,0.7989408945407256,0.0053806330780817,0.9567619732368338,122031,10,0.0403762158795716,0.4935795002909097,2025-09-22
2025-W39,bot,0.9784882226120438,0.0018321060243971,0.9963087066001172,2194370,10,0.016658494237526,0.2384319873129873,2025-09-22
2025-W39,casual,1.1733731725874352,0.2098984121805107,0.6562007239288543,1375,10,0.0830909090909091,0.1403636363636363,2025-09-22
2025-W39,sophisticated,1.0295680032507917,0.0120740280489646,0.9838852188586512,36923,10,0.0270251604690843,0.311079814749614,2025-09-22
2025-W40,active_retail,0.747585321680366,0.0031278917976774,0.9684490076835816,178152,10,0.0398962683551125,0.4676848982891014,2025-09-29
2025-W40,bot,0.8732846361332597,0.0013331939415584,0.997508461231444,2498815,10,0.0217510099787299,0.2714526685648997,2025-09-29
2025-W40,casual,1.4414956749558456,0.1829493242838345,0.907226846452761,2402,10,0.0597418817651957,0.20233139050791,2025-09-29
2025-W40,sophisticated,1.0819655975810405,0.0159959433303673,0.9875551706306476,70972,10,0.0296144958575212,0.2585949388491236,2025-09-29
2025-W41,active_retail,0.857684644104945,0.0075213849030076,0.9818164219068388,178454,10,0.0422332926132224,0.4104811323926614,2025-10-06
2025-W41,bot,0.9106714726151502,0.001333000998175,0.9980361570186465,2794556,10,0.017707607219179,0.2608790090447284,2025-10-06
2025-W41,casual,1.1233171101173678,0.0552482405516092,0.8315263007889221,9954,10,0.0401848503114326,0.1008639742816958,2025-10-06
2025-W41,sophisticated,0.9651962542513784,0.0113458866034062,0.9894179235599928,82154,10,0.0269359982471943,0.2938627455753828,2025-10-06
2025-W42,active_retail,0.822530812209691,0.004106172628346,0.9818475919587132,207515,10,0.0397371274365708,0.4197913403850324,2025-10-13
2025-W42,bot,0.8608936767344995,0.0010612312455639,0.997860979143678,3481581,10,0.0236973805865783,0.2673828355566049,2025-10-13
2025-W42,casual,1.0332554014034276,0.0551469858207114,0.9118826793055022,7205,10,0.0313046495489243,0.1795975017349063,2025-10-13
2025-W42,one_shot,0.909866618242786,0.1905090381400201,0.9438579447544472,333,5,0.0563063063063062,0.2252252252252252,2025-10-13
2025-W42,sophisticated,0.9064178149346062,0.0075918420242235,0.989938983825152,110097,10,0.034178497143428,0.3146316430057131,2025-10-13
2025-W43,active_retail,0.9815100806153236,0.0105985940130114,0.9905124611613888,248469,10,0.0325958167819728,0.3690681734944802,2025-10-20
2025-W43,bot,0.901808231150218,0.001246467881764,0.9971754210630656,4337901,10,0.019654978294802,0.2775505941698531,2025-10-20
2025-W43,casual,1.1684320090570115,0.0529103423927843,0.8855394859470874,12741,10,0.0622282395416372,0.1415901420610627,2025-10-20
2025-W43,one_shot,1.1614550789650695,0.2678686221648621,0.7736192531346306,372,6,0.0629032258064516,0.0779569892473118,2025-10-20
2025-W43,sophisticated,0.963061258460862,0.0098775872702467,0.9922148135352524,147313,10,0.0290717723486725,0.3457264464100249,2025-10-20
2025-W44,active_retail,0.961307336145529,0.0082339461878074,0.9920691243199116,299080,10,0.0317035575765681,0.3383843787615354,2025-10-27
2025-W44,bot,0.9554717843524874,0.0012301619240441,0.9976910358150162,4633237,10,0.0127997445414512,0.2608252070852408,2025-10-27
2025-W44,casual,1.2513825746665508,0.0807922480269971,0.8045283078186674,13081,10,0.0816795352037306,0.2304869658283005,2025-10-27
2025-W44,sophisticated,0.8813014980941767,0.0065888244461974,0.988331785059138,149887,10,0.0349366522780494,0.2842074362686557,2025-10-27
2025-W45,active_retail,0.8451209228950394,0.0039650068067006,0.9823022626686682,305507,10,0.0306083003008114,0.3248894460683388,2025-11-03
2025-W45,bot,0.9461082077270702,0.0011105396089635,0.9976301444846228,4918351,10,0.0160937985109237,0.2720409747087997,2025-11-03
2025-W45,casual,1.357387331056778,0.0700024701569936,0.9752597496066342,11309,10,0.0499734724555663,0.4226722079759483,2025-11-03
2025-W45,sophisticated,0.942409112952974,0.005504305437444,0.9894738165721628,171768,10,0.028065763122351,0.279848400167668,2025-11-03
2025-W46,active_retail,0.6583171874770424,0.0022111068638777,0.9268056043587682,362529,10,0.087840007282176,0.2925172882721106,2025-11-10
2025-W46,bot,0.9804315608253362,0.0013429448260567,0.9970181044774208,4745205,10,0.014779372018701,0.2916820242750313,2025-11-10
2025-W46,casual,1.623437535414332,0.1535162634338365,0.587030455038438,9399,10,0.0754920736248537,0.31843813171614,2025-11-10
2025-W46,sophisticated,1.0192750457498532,0.0071296912603953,0.9904310767239556,159642,10,0.0283258791546084,0.2838350809937234,2025-11-10
2025-W47,active_retail,0.6855055863155177,0.0024802582261021,0.9183982691389736,406636,10,0.0830801994904533,0.2540871934604904,2025-11-17
2025-W47,bot,0.8699410008867987,0.0009453715270301,0.9963357886539852,5352322,10,0.0261782269452398,0.2670747387769271,2025-11-17
2025-W47,casual,1.805107536340804,0.245070274454581,0.6614103245597908,9673,10,0.0736741445260002,0.3090044453633826,2025-11-17
2025-W47,sophisticated,0.7851915661297182,0.0043288131995629,0.9852811284528484,163929,10,0.0506630919483435,0.2892959756967955,2025-11-17
2025-W48,active_retail,1.0497361981108315,0.0089778339725489,0.98352877464651,263339,10,0.0372354645532944,0.3129122537869438,2025-11-24
2025-W48,bot,0.8953578731132867,0.0008566214140801,0.9981691501250548,6487958,10,0.0205842115500747,0.261777742704253,2025-11-24
2025-W48,casual,1.5976335930577437,0.1831019005819178,0.8097922202705139,7018,10,0.0745369051011684,0.2822741521801083,2025-11-24
2025-W48,sophisticated,0.917934729897718,0.0058441227946478,0.9115172151902748,187776,10,0.0580026201431492,0.260208972392638,2025-11-24
2025-W49,active_retail,0.9458626666689832,0.0064904696261191,0.9859246271759314,279371,10,0.0320149550239645,0.2943004105651624,2025-12-01
2025-W49,bot,0.9074583500598912,0.0008259982061445,0.9988173065462664,8144963,10,0.016734029362687,0.241059290263197,2025-12-01
2025-W49,casual,1.999996363370109,0.0243598799362378,0.7703806233863855,7908,10,0.0921092564491654,0.2153515427415275,2025-12-01
2025-W49,sophisticated,0.8883033110226876,0.0051670842575996,0.9858130989634782,184799,10,0.031534532113269,0.264968966282285,2025-12-01
2025-W50,active_retail,0.8828024482826129,0.0053169813132108,0.975479150783501,256286,10,0.0387063671054993,0.2942103743474087,2025-12-08
2025-W50,bot,0.9298139387129418,0.0008717836324425,0.998574106591955,8326239,10,0.0122787071089359,0.2308709850870242,2025-12-08
2025-W50,casual,1.999996363370109,0.152002383951582,0.7631559134069392,6466,10,0.0799257655428394,0.2081657902876585,2025-12-08
2025-W50,sophisticated,0.8787132617281703,0.0061397877867379,0.984404016646624,133583,10,0.0392052132382114,0.3096352080728835,2025-12-08
2025-W51,active_retail,0.8821304051102958,0.0049192217998067,0.9895056191513836,295485,10,0.0326129921992656,0.3138907220332673,2025-12-15
2025-W51,bot,0.93466295993987,0.0007721294625123,0.9991241298415158,10001807,10,0.0124678020681662,0.2337487615987791,2025-12-15
2025-W51,casual,1.2531860610041108,0.12104431892023,0.9312434477542122,7620,10,0.0549475065616798,0.3305774278215223,2025-12-15
2025-W51,sophisticated,0.9424903507190028,0.0066511928424634,0.9924401635520688,142777,10,0.0259751220434663,0.3148196138033436,2025-12-15
2025-W52,active_retail,0.9265848678619114,0.0057069267809285,0.9890117414345254,264710,10,0.0279173435079898,0.305205696800272,2025-12-22
2025-W52,bot,0.9265142845546324,0.0007515123037336,0.9986488425212758,10234298,10,0.0135045412982893,0.2338628404214925,2025-12-22
2025-W52,casual,1.999996363370109,0.1334198328664322,0.8155530423097008,4572,10,0.0946850393700787,0.1859142607174103,2025-12-22
2025-W52,sophisticated,0.908958465626986,0.0060343757367656,0.9927668641870956,142231,10,0.0256494716341725,0.3199794700170849,2025-12-22
2026-W01,active_retail,0.9083168795649784,0.0055094741515664,0.993254177840106,320050,10,0.0231960631151382,0.2596844243087017,2025-12-29
2026-W01,bot,0.9920377173883624,0.0007873567739082,0.9984455818444694,12567643,10,0.0087441893440162,0.2241370159862115,2025-12-29
2026-W01,casual,0.6013915918274683,0.0233378489989284,0.9190558702160158,3991,10,0.0654347281383112,0.1558506639939864,2025-12-29
2026-W01,sophisticated,1.0084192072157576,0.0083326075530899,0.996207944923242,127630,10,0.0172772859045679,0.2870563347175429,2025-12-29
2026-W02,active_retail,0.9555989036100664,0.003347847083181,0.9955371281853528,390921,10,0.0165922270740124,0.2536343660228025,2026-01-05
2026-W02,bot,0.9530898168344208,0.0007105333035986,0.9989697040364736,12481842,10,0.0101348022190955,0.2281508610668201,2026-01-05
2026-W02,casual,1.3585848960245226,0.1939455992919736,0.9216329441919072,6668,10,0.0660917816436713,0.1750149970005999,2026-01-05
2026-W02,sophisticated,0.9499994794977672,0.0068057250982457,0.9974481736290168,141671,10,0.014794488639171,0.2746645396729041,2026-01-05
2026-W03,active_retail,0.8876732881546797,0.004066311989696,0.9900019433345012,383105,10,0.0322356795134493,0.2794403623027629,2026-01-12
2026-W03,bot,0.9436077154382392,0.0008633958254717,0.9981140882883084,9167449,10,0.0132069728448993,0.2534095362843033,2026-01-12
2026-W03,casual,1.0564555982652253,0.0671225266868563,0.9723690242509728,7554,10,0.0383108287000265,0.1555467302091607,2026-01-12
2026-W03,one_shot,0.1658417277031559,0.1380445923244205,0.8206925241164403,254,4,0.212992125984252,0.1062992125984252,2026-01-12
2026-W03,sophisticated,0.9255415880976804,0.0074040523145002,0.990520473797207,112364,10,0.0269988608451105,0.3102862126659784,2026-01-12
2026-W04,active_retail,0.9316426715724748,0.0030349630216887,0.9931096197614202,529869,10,0.0225081104952356,0.3100785288439218,2026-01-19
2026-W04,bot,0.9011060314335276,0.0006371892050197,0.997934354829795,11967753,10,0.0189487408371479,0.2490129099422423,2026-01-19
2026-W04,casual,0.7714516249192134,0.0377344373906698,0.9410417445412388,11938,10,0.0794856759926286,0.1672809515831797,2026-01-19
2026-W04,one_shot,0.4312015008887671,0.1283542969486839,0.8151546044804903,301,7,0.1699335548172758,0.1029900332225913,2026-01-19
2026-W04,sophisticated,0.9101195838933556,0.0059854044702114,0.9924759656106222,143868,10,0.0216531820835766,0.3184516362220925,2026-01-19
2026-W05,active_retail,1.0135155490526586,0.003718285799968,0.9956316132479118,422046,10,0.0146803902892101,0.2840164342275486,2026-01-26
2026-W05,bot,0.9375122897195196,0.0008436554548452,0.9986456103933448,8200506,10,0.0135047886069469,0.2440581105604946,2026-01-26
2026-W05,casual,0.7396664942091888,0.0174499383501769,0.94774788631185,11272,10,0.0812810503903477,0.1921575585521646,2026-01-26
2026-W05,one_shot,1.4462775880634413,0.3158905772867853,0.9032682085705128,380,9,0.0686842105263158,0.1289473684210526,2026-01-26
2026-W05,sophisticated,1.0005938397224148,0.0079444144168201,0.99448130668975,91460,10,0.0146796413732779,0.2791712223923026,2026-01-26
