total_trades,total_usd_volume,participations_active_retail,participations_bot,participations_casual,participations_one_shot,participations_sophisticated,participation_volume_active_retail,participation_volume_bot,participation_volume_casual,participation_volume_one_shot,participation_volume_sophisticated,active_wallets,flagged_active,total_participations,share_bot,share_active_retail,share_sophisticated,share_casual,share_one_shot,new_wallets,date,total_usd_volume_ma4w,total_usd_volume_ma13w,total_usd_volume_ma52w,total_usd_volume_z52w,new_wallets_ma4w,new_wallets_ma13w,new_wallets_ma52w,new_wallets_z52w,week
41,353.85,81,0,1,0,0,697.5,0.0,10.2,0.0,0.0,5,1,82,0.0,0.9878048780487805,0.0,0.012195121951219513,0.0,5,2022-11-21,353.85,353.85,353.85,,5.0,5.0,5.0,,2022-W47
61,499.967241,118,3,0,1,0,984.884485,13.049997999999999,0.0,1.999999,0.0,8,1,122,0.02459016393442623,0.9672131147540983,0.0,0.0,0.00819672131147541,4,2022-11-28,426.9086205,426.9086205,426.9086205,,4.5,4.5,4.5,,2022-W48
52,306.5287880000001,103,0,0,0,1,611.4833510000001,0.0,0.0,0.0,1.574225,6,2,104,0.0,0.9903846153846154,0.009615384615384616,0.0,0.0,2,2022-12-05,386.7820096666667,386.7820096666667,386.7820096666667,,3.6666666666666665,3.6666666666666665,3.6666666666666665,,2022-W49
910,75729.86746200005,432,926,128,23,311,20668.871349,78217.60973899995,12699.73504,1624.0074830000005,38249.51131299999,287,3,1820,0.5087912087912088,0.23736263736263735,0.17087912087912088,0.07032967032967033,0.012637362637362638,284,2022-12-12,19222.55337275001,19222.55337275001,19222.55337275001,,73.75,73.75,73.75,,2022-W50
525,69991.51068399995,282,541,66,6,155,18690.936683999986,99060.81489699999,3098.9889519999997,154.102121,18978.178713999998,200,1,1050,0.5152380952380953,0.26857142857142857,0.14761904761904762,0.06285714285714286,0.005714285714285714,102,2022-12-19,36631.96854375,29376.344834999996,29376.344834999996,,98.0,79.4,79.4,,2022-W51
147,13380.545008000003,82,165,15,1,31,4178.663130999999,20947.759853000003,1065.6116650000001,3.93,565.1253670000001,75,1,294,0.5612244897959183,0.2789115646258503,0.1054421768707483,0.05102040816326531,0.003401360544217687,20,2022-12-26,39852.112985499996,26710.378197166665,26710.378197166665,,102.0,69.5,69.5,,2022-W52
507,37126.59139,305,533,22,1,153,19493.849095999998,43953.69171100001,2227.23629,0.5,8577.905683,128,0,1014,0.5256410256410257,0.30078895463510846,0.15088757396449703,0.021696252465483234,0.0009861932938856016,51,2023-01-02,49057.128635999994,28198.40865328571,28198.40865328571,,114.25,66.85714285714286,66.85714285714286,,2023-W01
695,50725.02665299997,354,879,34,4,119,14719.589607000004,70787.14316399998,2259.408709999999,18.627947,13665.283878000002,125,0,1390,0.6323741007194245,0.25467625899280577,0.0856115107913669,0.02446043165467626,0.0028776978417266188,41,2023-01-09,42805.91843374998,31014.235903249995,31014.235903249995,,53.5,63.625,63.625,,2023-W02
992,93294.87450999995,334,1386,32,3,229,20130.271533000003,133731.17730399995,669.1791360000001,40.04222,32019.078826999994,147,0,1984,0.6985887096774194,0.16834677419354838,0.11542338709677419,0.016129032258064516,0.0015120967741935483,51,2023-01-16,48631.75939024998,37934.30685955555,37934.30685955555,,40.75,62.22222222222222,62.22222222222222,,2023-W03
994,256683.6539880001,287,1319,53,11,318,69300.91547100001,350081.6303370003,22440.980861999997,1319.1795200000001,70224.60178599998,204,0,1988,0.6634808853118712,0.1443661971830986,0.15995975855130784,0.02665995975855131,0.005533199195171026,83,2023-01-23,109457.53663525,59809.241572399995,59809.241572399995,,56.5,64.3,64.3,,2023-W04
1565,307686.8828319999,533,2166,53,4,374,57154.84685599994,467628.264993,8966.585879999997,1489.811712,80134.256223,214,2,3130,0.6920127795527157,0.17028753993610224,0.1194888178913738,0.01693290734824281,0.0012779552715654952,70,2023-01-30,177097.60949575,82343.572596,82343.572596,,61.25,64.81818181818181,64.81818181818181,,2023-W05
1673,382703.4953670002,447,2605,53,7,234,61994.492474999985,635176.7580429999,8149.233018000001,158.091652,59928.41554600001,208,1,3346,0.7785415421398685,0.13359234907352063,0.06993424985056784,0.015839808726838017,0.0020920502092050207,67,2023-02-06,260092.22667425004,107373.56616025,107373.56616025,,67.75,65.0,65.0,,2023-W06
1814,412263.99320499855,683,2400,83,12,450,136511.40277600012,606074.1526369986,5479.733058000001,2361.172942,74101.52499700003,288,3,3628,0.6615214994487321,0.188257993384785,0.12403528114663727,0.022877618522601985,0.0033076074972436605,96,2023-02-13,339834.5063479997,130826.67593292297,130826.67593292297,1.849231912102065,79.0,67.38461538461539,67.38461538461539,0.38924668059867573,2023-W07
2037,270851.79827000044,807,2718,82,16,451,34367.70364899996,466554.2582640005,3933.737760000001,1007.032392,35840.86447499998,288,2,4074,0.6671575846833578,0.19808541973490426,0.11070201276386843,0.020127638684339717,0.0039273441335297005,105,2023-02-20,343376.5424184998,151634.21041523071,140828.4703855714,0.8614588961455426,84.5,75.07692307692308,70.07142857142857,0.48958940616376867,2023-W08
2656,258112.68201499968,991,3660,160,22,479,68847.56441299996,374108.87682500004,6942.627209000002,391.159441,65935.13614199999,356,1,5312,0.6890060240963856,0.18655873493975902,0.09017319277108433,0.030120481927710843,0.004141566265060241,185,2023-02-27,330982.99221424974,171450.57309015375,148647.41782753324,0.7368290438386986,113.25,89.0,77.73333333333333,1.432544067256425,2023-W09
5901,874745.211318001,2671,7185,551,80,1315,499717.38950999966,905796.7396449996,94332.76057900002,9272.379576999998,240371.153325,859,7,11802,0.6087951194712761,0.22631757329266225,0.11142179291645483,0.046687002203016435,0.006778512116590409,569,2023-03-06,453993.4212019999,238715.0871309231,194028.5299206875,2.941604340467804,238.75,132.6153846153846,108.4375,3.2311680111747614,2023-W10
7473,2844204.4459110247,4637,7287,1050,94,1878,2871990.358268996,1485120.6174529959,592380.9924749997,27612.451762,711304.471863,1301,13,14946,0.48755519871537534,0.31025023417636827,0.12565234845443596,0.0702529104777198,0.006289308176100629,714,2023-03-13,1061978.5343785065,451674.67008854036,349921.23086129554,3.6643141402765687,393.25,165.69230769230768,144.05882352941177,2.827941703195857,2023-W11
6000,1564421.3470399957,2872,7321,306,15,1486,904456.8832799981,1529159.3710569977,122249.00187800007,1480.0623469999998,571497.3755179998,663,10,12000,0.6100833333333333,0.23933333333333334,0.12383333333333334,0.0255,0.00125,205,2023-03-20,1385370.9215710051,566630.8113466939,417393.45953789004,1.593653735038104,418.25,173.6153846153846,147.44444444444446,0.29357787834847754,2023-W12
5249,738570.381727001,1984,7239,143,7,1125,243585.82497000005,967338.8244560008,52139.35558,222.199148,213854.55930000005,513,3,10498,0.6895599161745094,0.1889883787388074,0.10716326919413222,0.01362164221756525,0.0006667936749857116,138,2023-03-27,1505485.3464990056,622414.6449404631,434297.508074159,0.4326120810147433,406.5,182.69230769230768,146.94736842105263,-0.046958596473937665,2023-W13
2054,432749.7767790005,553,3142,70,4,339,75991.94806800001,738622.5438980011,7591.658175999999,147.017778,43146.38563799999,319,1,4108,0.7648490749756572,0.1346153846153846,0.08252190847127557,0.017039922103213243,0.0009737098344693282,40,2023-04-17,1394986.4878642557,652847.1976626939,434220.1215094011,-0.002147806087605244,274.25,181.84615384615384,141.6,-0.543341759380595,2023-W16
1739,284294.9336079997,498,2535,64,10,371,37747.649247999994,471722.1852280002,4331.665814999999,522.4870880000001,54265.87983699998,298,1,3478,0.7288671650373778,0.14318573893041978,0.10667050028752156,0.018401380103507763,0.002875215641173088,58,2023-04-24,755009.1097884992,670814.1135823093,427080.8268474296,-0.21373614683974132,110.25,183.15384615384616,137.61904761904762,-0.434680102379249,2023-W17
1837,539601.5812239997,607,2626,99,21,321,97334.34844199996,892392.541222,9476.169479999999,224.196659,79775.90664499998,353,2,3674,0.7147523135547088,0.1652150244964616,0.08737071311921611,0.02694610778443114,0.005715841045182362,98,2023-05-01,498804.1683345002,705145.3987141555,432195.4065918192,0.1646352222009311,83.5,186.76923076923077,135.8181818181818,-0.21133125763678862,2023-W18
3981,1045659.7158309985,1853,4739,293,41,1036,488916.9381280002,1323417.4545210002,45768.52709199999,2280.4599700000003,230936.05195100006,604,5,7962,0.5952022104998744,0.2327304697312233,0.13011806078874655,0.036799799045465965,0.005149459934689776,267,2023-05-08,575576.5018604996,765835.8650097706,458867.7678630878,0.9026204201842296,115.75,200.92307692307693,141.52173913043478,0.7090588450563736,2023-W19
2540,799678.3013869998,911,3435,116,8,610,297364.74555500026,1149721.3114109999,25562.999300999996,85.19701,126622.34949700003,392,3,5080,0.6761811023622047,0.17933070866141732,0.12007874015748031,0.02283464566929134,0.0015748031496062992,80,2023-05-15,667308.6330124994,803681.3587447709,473068.2067599175,0.5106448658237964,125.75,201.69230769230768,138.95833333333334,-0.3397592852920908,2023-W20
3263,1381471.7507009974,1168,4237,203,20,898,473293.47460500017,2072957.4312019993,53087.59804000001,2964.3803409999996,160640.61721400003,519,4,6526,0.6492491572172847,0.1789764020839718,0.13760343242414955,0.03110634385534784,0.0030646644192460926,127,2023-05-22,941602.8372857488,880509.6860781552,509404.34851756063,1.3376043596406533,143.0,206.30769230769232,138.48,-0.0675719869560509,2023-W21
2110,375712.349124,516,3036,84,7,577,39594.51168499998,590816.783833,4947.266537999996,36.760841,116029.37535100002,342,3,4220,0.7194312796208531,0.12227488151658768,0.1367298578199052,0.01990521327014218,0.0016587677725118483,65,2023-05-29,900630.5292607489,877698.0211488475,504262.3485408853,-0.2010705963261311,134.75,203.92307692307693,135.65384615384616,-0.4228668580455823,2023-W22
1989,608729.2058839981,695,2592,118,7,566,111333.62511499996,841413.5176809995,54711.367726,258.058619,209741.84262700006,327,6,3978,0.6515837104072398,0.17471091000502764,0.14228255404725992,0.029663147310206132,0.0017596782302664656,77,2023-06-05,791397.9017739987,903688.590965309,508131.491405445,0.16038290000105543,87.25,201.76923076923077,133.4814814814815,-0.34392383927373044,2023-W23
1455,609885.691455,574,1882,70,6,378,56607.181479999956,1090316.8354400005,8667.483026,154.330058,64025.55290599999,328,0,2910,0.6467353951890035,0.1972508591065292,0.12989690721649486,0.024054982817869417,0.002061855670103093,99,2023-06-12,743949.7492909988,930748.0532299243,511765.5699786434,0.15933507451760195,92.0,195.15384615384616,132.25,-0.2061523612597629,2023-W24
9981,2022033.580852,5113,10155,1410,93,3191,715169.3624769986,2403013.260363997,194420.35670800027,9579.115957999997,721885.0661969999,1358,4,19962,0.5087165614667869,0.25613665965334137,0.15985372207193668,0.07063420498948002,0.0046588518184550645,928,2023-06-19,904090.2068287495,1019001.0047325396,563843.7772501385,2.187565670898032,292.25,222.76923076923077,159.68965517241378,3.546971058136078,2023-W25
2733,602637.7093819997,1229,3419,125,5,688,112062.81191499997,929142.3205920006,41577.42224199999,412.758152,122080.105863,472,1,5466,0.6255031101353824,0.22484449323088182,0.12586900841566045,0.022868642517380168,0.0009147457006952067,69,2023-06-26,960821.5468932495,846572.7942303068,565136.9083212004,0.057250881781824574,293.25,173.15384615384616,156.66666666666666,-0.41064382376161523,2023-W26
2690,715531.4583769989,878,3294,106,5,1097,64664.68522199994,1058571.8881779981,12714.557858999999,933.026254,294178.75924099993,442,0,5380,0.6122676579925651,0.16319702602230482,0.20390334572490706,0.01970260223048327,0.0009293680297397769,64,2023-07-03,987522.1100164995,781273.572025461,569988.3454197746,0.2257944479559996,290.0,162.30769230769232,153.67741935483872,-0.42590674426440095,2023-W27
3016,618995.1493879986,1072,3646,213,5,1096,164339.53375300008,855152.3122789995,28109.10335299998,638.125,189751.22439099997,513,2,6032,0.6044429708222812,0.17771883289124668,0.1816976127320955,0.03531167108753316,0.0008289124668435014,121,2023-07-10,989799.4744997493,772075.4772301532,571519.8080437817,0.07486337227324803,295.5,161.0,152.65625,-0.15277147709529593,2023-W28
3712,1100319.4939649985,1552,4637,205,13,1017,357487.9389099995,1559765.1015659983,41419.42405799997,8801.09957,233165.42382600013,580,7,7424,0.6245959051724138,0.20905172413793102,0.13698814655172414,0.027613146551724137,0.0017510775862068966,141,2023-07-17,759370.952777999,823426.9939367684,587544.0409504852,0.8127375696550806,98.75,168.76923076923077,152.3030303030303,-0.05541793668631823,2023-W29
5874,1042194.319200997,2672,6889,545,48,1594,327083.3725990008,1439927.9070369985,65434.39680500002,4963.148789999999,246979.8131709999,1052,4,11748,0.5863976847122915,0.22744296901600272,0.13568266939053455,0.04639087504256043,0.0040858018386108275,563,2023-07-24,869260.1052327483,881726.9466746914,600916.1079578531,0.7047321989047975,222.25,207.6153846153846,164.38235294117646,1.8728703166707565,2023-W30
5403,1311168.751934002,2346,6448,408,29,1575,511724.35916500015,1675105.0703380005,85812.96446499995,3945.5795749999997,345749.53032499994,879,3,10806,0.5967055339626134,0.21710161021654636,0.14575235980011106,0.03775680177679067,0.0026836942439385524,271,2023-07-31,1018169.428621999,941078.2674985377,621209.040642886,1.0978561733801362,274.0,220.92307692307693,167.42857142857142,0.49212509111468866,2023-W31
5364,805641.8490840051,1884,7124,299,10,1411,258946.05288700006,1088139.5800989943,27283.749291,17029.788033999997,219884.527857,733,2,10728,0.6640566741237882,0.1756152125279642,0.13152498135719612,0.027870991797166293,0.0009321401938851603,238,2023-08-07,1064831.1035460008,922615.3546718458,626332.1742106949,0.289125168189106,303.25,218.69230769230768,169.38888888888889,0.3302383410138577,2023-W32
4677,763213.5688819949,1561,5914,247,10,1622,105313.571898,1003606.8545689958,37149.548534999965,2423.7090259999995,377933.4537360001,678,2,9354,0.6322428907419286,0.16688047893949112,0.17340175326063717,0.026405815693820826,0.0010690613641223007,157,2023-08-14,980554.6222752497,919810.3752483837,630031.6713639733,0.21764602400850513,307.25,224.6153846153846,169.05405405405406,-0.05883854720900024,2023-W33
3529,622893.0234749996,1311,4376,108,6,1257,127698.77029300005,900988.9106759991,5323.711954999999,504.328827,211270.32519900007,554,0,7058,0.6200056673278549,0.18574667044488524,0.1780957778407481,0.015301785208274299,0.000850099178237461,76,2023-08-21,875729.2983437504,861458.1654617686,629843.8122090002,-0.011515649568618688,185.5,220.69230769230768,166.60526315789474,-0.4471193896619633,2023-W34
2517,538330.9541049997,1133,2901,99,14,887,195042.17705399997,718200.884321999,9490.055396,267.892194,153660.8992440001,525,1,5034,0.5762812872467223,0.22506952721493842,0.17620182757250696,0.01966626936829559,0.0027810885975367503,67,2023-08-28,682519.8488864998,873967.2889218455,627497.328667872,-0.14966318792100586,134.5,220.84615384615384,164.05128205128204,-0.4838214140702049,2023-W35
2248,403995.10180999886,760,2895,95,8,738,79074.08011300002,628122.6297149982,7244.870771999999,2798.96012,90749.6629,426,2,4496,0.6439056939501779,0.16903914590747332,0.16414590747330962,0.021129893238434165,0.0017793594306049821,63,2023-09-04,582108.1620679983,858218.511685384,621909.7729964252,-0.369877725977319,90.75,219.76923076923077,161.525,-0.49597686141733854,2023-W36
2980,397142.49995899945,1013,3998,119,17,813,68926.17345999995,560789.0438579995,15965.278411999998,1675.186455,146929.31773300003,512,2,5960,0.6708053691275168,0.16996644295302013,0.13640939597315435,0.019966442953020136,0.0028523489932885905,128,2023-09-11,490590.3948372494,841853.6508010763,616427.6443857562,-0.3762611807106989,83.5,222.0,160.70731707317074,-0.16668745873513824,2023-W37
3376,423113.72974200005,1321,4532,117,10,772,72752.27891300003,661637.5571970004,7619.566635999998,793.587735,103424.46900299998,552,1,6752,0.6712085308056872,0.1956457345971564,0.11433649289099526,0.0173281990521327,0.001481042654028436,107,2023-09-18,440645.57140399946,718859.816100307,611824.9321323335,-0.32738406405064674,91.25,158.84615384615384,159.42857142857142,-0.2702659317446775,2023-W38
4161,776228.8073129994,1273,5960,96,7,986,124319.22123600001,1312927.2564010015,4320.908723,469.722981,110420.50528499996,508,2,8322,0.7161739966354241,0.15296803652968036,0.11848113434270607,0.011535688536409516,0.0008411439557798606,71,2023-09-25,500120.0347059994,732212.9774796149,615648.2780667676,0.28168585814758634,92.25,159.0,157.37209302325581,-0.4495284217261893,2023-W39
5538,916855.1327429992,1414,8101,75,6,1480,163022.3994560004,1510806.1149090007,5599.317120000001,137.571341,154144.86266000004,536,4,11076,0.7314012278801011,0.12766341639581077,0.13362224629830263,0.006771397616468039,0.0005417118093174431,86,2023-10-02,628335.0424392495,747699.4139693071,622493.8884003183,0.520782477100118,98.0,160.69230769230768,155.75,-0.36672578149067103,2023-W40
6171,840107.5778739966,2139,8465,153,6,1579,141770.31836500025,1281226.9340719974,52171.94595999998,863.1980900000001,204182.7592610001,634,3,12342,0.6858693890779453,0.17331064657267867,0.12793712526332848,0.012396694214876033,0.0004861448711716091,129,2023-10-09,739076.3119179988,764708.0623143838,627329.7481664,0.38015749034262564,98.25,161.30769230769232,155.15555555555557,-0.13907710461432227,2023-W41
6545,1191944.368057999,2270,8800,181,16,1823,207700.3975590001,1759185.473374998,21256.361229999984,939.369877,394807.1340750003,761,6,13090,0.6722689075630253,0.173414820473644,0.13926661573720397,0.013827349121466768,0.0012223071046600458,158,2023-10-16,931283.9714969986,771756.1295523071,639603.9790336087,0.9868832609658805,111.0,162.6153846153846,155.2173913043478,0.014963136709183918,2023-W42
5292,976368.3780110005,1663,7074,204,20,1623,211542.28817300007,1486371.845923,20660.550783999995,1432.8082869999998,232729.26285499998,697,5,10584,0.6683673469387755,0.15712396069538925,0.15334467120181405,0.01927437641723356,0.001889644746787604,132,2023-10-23,981318.8641714988,766692.595614615,646769.1790118511,0.5930817761469378,126.25,129.46153846153845,154.72340425531914,-0.1235216136431398,2023-W43
6293,820741.0781759984,2226,8408,249,15,1688,137183.079737,1199892.0236229985,36130.874993000005,1453.609244,266822.5687550001,839,9,12586,0.6680438582552042,0.17686318131256953,0.1341172731606547,0.01978388685841411,0.0011918004131574766,258,2023-10-30,957290.3505297487,728967.3899409224,650393.5935777709,0.3095149801381209,169.25,128.46153846153845,156.875,0.55379137474269,2023-W44
4906,693109.051007997,1450,6975,135,9,1243,112071.41899400018,1054388.1696609978,9892.516505,417.88194,209448.11491600005,667,7,9812,0.7108642478597635,0.147778230737872,0.1266816143497758,0.013758662861801876,0.0009172441907867916,120,2023-11-06,920540.7188132488,720311.0208581525,651265.3376069592,0.07682818899152993,167.0,119.38461538461539,156.12244897959184,-0.1998260233402092,2023-W45
7755,1095569.4851819996,2476,10521,222,15,2276,206298.40876399993,1569334.9098419985,24278.610296000006,1487.2619719999998,389739.7794899997,865,7,15510,0.6783365570599613,0.15963894261766604,0.14674403610573825,0.014313346228239845,0.0009671179883945841,215,2023-11-13,896446.9980942488,745876.8605735374,660151.4205584599,0.8023127747864252,181.25,123.84615384615384,157.3,0.32215011298320606,2023-W46
4231,520641.31504199805,1313,5774,170,17,1188,102362.69995199998,757905.1151499988,15999.936196999999,1909.940394,163104.938391,689,4,8462,0.6823445993854881,0.15516426376743087,0.14039234223587804,0.02008981328291184,0.002008981328291184,139,2023-11-20,782515.2323519983,738011.3445402296,657415.9282934313,-0.25441505337620496,183.0,128.69230769230768,156.94117647058823,-0.10117541738693964,2023-W47
5713,888221.2047779975,1723,8159,251,22,1271,209606.6418269999,1372475.4469939978,32589.489729999994,648.042152,161122.78885299986,801,3,11426,0.714073166462454,0.15079642919656921,0.11123752844389988,0.021967442674601784,0.0019254332224750569,203,2023-11-27,799385.2640024981,764925.9792073834,661854.4913027498,0.42448885291483923,169.25,139.15384615384616,157.82692307692307,0.25710864323668065,2023-W48
5353,864555.2048760008,1327,8091,115,10,1163,138167.614958,1413655.1078390002,18101.717029,451.937991,158734.03193499998,644,5,10706,0.7557444423687651,0.12394918737156735,0.10863067438819354,0.010741640201756025,0.0009340556697179152,114,2023-12-04,842246.802469499,800353.6794432297,678473.7481272883,0.3539950322093696,167.75,143.07692307692307,159.92307692307693,-0.2631944994831689,2023-W49
5200,733563.4088649986,1488,7984,123,10,795,173472.57328899985,1156269.5123139964,23364.701290999998,908.639427,113111.39140899996,618,6,10400,0.7676923076923077,0.14307692307692307,0.0764423076923077,0.011826923076923077,0.0009615384615384616,142,2023-12-11,751745.2833902488,826232.2108975374,692571.1220046729,0.07930732230621737,149.5,144.15384615384616,162.57692307692307,-0.11886656053152121,2023-W50
4134,675427.0938399992,1224,6130,164,4,746,234894.3046119999,983801.8350869986,34658.922115999994,1511.474942,95987.65092299998,570,4,8268,0.7414126753749395,0.14804063860667635,0.09022738268021287,0.01983551040154814,0.0004837929366231253,113,2023-12-18,790441.728089749,845640.931212768,705554.2097941345,-0.05935860811797293,143.0,144.6153846153846,164.71153846153845,-0.3010515383366719,2023-W51
9781,2432441.155578001,2950,13608,600,63,2341,790579.9797500002,3140531.7949790014,216617.93354500004,41969.853706,675182.7491760005,1213,8,19562,0.6956343932113281,0.15080257642367856,0.1196707903077395,0.030671710459053265,0.003220529598200593,522,2023-12-25,1176496.7157897498,973041.8810793067,750875.5807194422,3.038853324769929,222.75,179.30769230769232,169.28846153846155,1.980790951479649,2023-W52
21202,10668877.982182993,8013,26312,2287,264,5528,5427535.785653021,11918206.367179021,1086428.7615589988,168144.1962289999,2737440.853745999,2492,14,42404,0.6205074992925196,0.18896802188472786,0.13036505990000943,0.05393359117064428,0.006225827752098859,1519,2024-01-01,3627577.410116498,1723197.484882383,954700.3205559612,6.573976663133411,574.0,289.53846153846155,196.53846153846155,5.125141400583811,2024-W01
14467,5000971.1067200415,2968,22752,334,22,2858,1090754.5934209977,7728062.935001031,70330.39231299997,6107.3526010000005,1106686.9401039998,1107,8,28934,0.7863413285408171,0.10257828160641459,0.09877652588650031,0.0115435128222852,0.0007603511439828576,290,2024-01-08,4694429.3345802585,2043263.9101782327,1050615.5236658081,2.509599639857428,611.0,301.9230769230769,201.73076923076923,0.34329033772028306,2024-W02
16838,6965318.883879013,2684,27363,259,20,3350,544582.2468349987,11818150.973079061,52547.71435899998,1164.1128700000002,1514192.7206149984,1133,8,33676,0.8125371184226156,0.0797006770400285,0.09947737260957358,0.007690937165934196,0.0005938947618482005,258,2024-01-15,6266902.282090012,2487369.6421644646,1183849.9908290585,3.2702312847425303,647.25,309.61538461538464,205.71153846153845,0.2039738092583478,2024-W03
14290,6413395.033749035,2395,22779,283,35,3088,1549557.6292299973,10127097.005223058,32502.179554999995,7792.218289999999,1109841.035199999,1183,11,28580,0.7970258922323303,0.0837998600419874,0.10804758572428272,0.009902029391182645,0.001224632610216935,324,2024-01-22,7262140.7516327705,2905602.461836621,1306209.029427059,2.6837968307729705,597.75,324.38461538461536,211.15384615384616,0.44117246927824394,2024-W04
16782,6842854.283480008,2703,26906,471,74,3410,1177507.025767999,10756376.877806032,109530.00665900005,31686.627544999996,1610608.029182001,1471,8,33564,0.8016327017042069,0.08053271362173757,0.10159694911214397,0.01403289238469789,0.002204743177213681,584,2024-01-29,6305634.826957025,3368841.9391676984,1436008.2488303285,2.6457335715006907,364.0,349.46153846153845,221.40384615384616,1.3951922616889638,2024-W05
19088,5653938.229964079,4706,28953,574,38,3905,749867.681769997,9114430.008554082,80716.97336399995,6562.595055,1356299.2011849985,1661,9,38176,0.7584084241408214,0.12327116512992456,0.10228939647946354,0.015035624476110645,0.0009953897736797988,566,2024-02-05,6468876.607768034,3750444.183702782,1539801.6060606379,1.9422460368547523,433.0,383.7692307692308,230.69230769230768,1.2727420798012392,2024-W06
15359,3858506.247989009,3304,24215,319,17,2863,636387.9836009995,6286947.546394014,37149.15706399999,1754.385829,754773.42309,1293,6,30718,0.7883000195325216,0.10755908587798685,0.0932026824663064,0.010384790676476333,0.0005534214467087701,330,2024-02-12,5692173.448795533,3962977.7808417827,1608086.5938521188,1.054107023050773,451.0,392.61538461538464,235.69230769230768,0.3588437658887511,2024-W07
19733,4328141.8148360085,3090,32757,284,16,3319,539326.3976150003,7173385.548853013,25425.795186999996,1908.157194,916237.7308229986,1247,5,39466,0.8300055744184868,0.07829524147367355,0.08409770435311407,0.007196067501140222,0.00040541225358536464,256,2024-02-19,5170860.144067276,4255862.434672091,1683960.407688061,1.2238977248188194,434.0,401.61538461538464,239.32692307692307,0.06370191347221899,2024-W08
24789,7024381.944767048,4418,40804,660,17,3679,1140167.2529309993,11295345.742586048,124004.03630400008,337.99683200000004,1488908.8608810003,1610,8,49578,0.823026342329259,0.08911210617612651,0.07420630118197588,0.01331235628706281,0.0003428940255758603,364,2024-02-26,5216242.059389036,4727874.799286633,1811116.5221411774,2.290885377903634,379.0,414.0,244.48076923076923,0.45705812805492824,2024-W09
13765,3991412.8632320384,2960,21636,216,24,2694,356720.9205549987,6592415.0003920365,27906.44605599999,6854.327594999999,998929.031865999,1198,7,27530,0.7859062840537595,0.10751907010533963,0.09785688339992735,0.007845986196876134,0.0008717762440973483,234,2024-03-04,4800610.717706026,4968402.311467867,1882665.7733904473,0.9229665419932632,296.0,423.2307692307692,246.96153846153845,-0.049707066225345514,2024-W10
15604,4601338.13781102,2389,26135,223,11,2450,224652.57893799988,8361965.776592032,24223.735324999994,753.250313,591080.9344539999,1114,6,31208,0.8374455267880031,0.0765508843886183,0.07850551140733146,0.007145603691361189,0.00035247372468597796,192,2024-03-11,4986318.690161528,5265923.444463715,1966189.339848063,1.143972759589664,261.5,427.0769230769231,247.09615384615384,-0.21131687396704452,2024-W11
15205,7080889.254237026,2183,25364,232,14,2617,348201.95352200017,12480292.060865039,29513.74422399999,3554.7535370000005,1300215.996326,1143,3,30410,0.8340677408747122,0.0717855968431437,0.08605721802038803,0.007629069385070701,0.0004603748766853009,213,2024-03-18,5674505.550011783,5758651.302955793,2085538.263750352,2.077575442850551,250.75,434.7692307692308,240.25,-0.10613312400521523,2024-W12
13699,4660119.865886,1874,23225,183,13,2103,434609.07368600025,8336454.771882001,21409.150324000002,1606.333463,526160.4024169999,1088,10,27398,0.8476896123804657,0.06839915322286298,0.07675742754945616,0.006679319658369224,0.00047448718884590116,183,2024-03-25,5083440.030291521,5930011.203748717,2120459.7141344864,1.045681500124997,205.5,408.6923076923077,230.03846153846155,-0.18970932472932725,2024-W13
14160,4301419.102780047,1962,23971,238,22,2127,279833.8030940003,7854926.493291052,36590.00200999998,1319.8810859999994,430168.0260790002,1066,9,28320,0.8464336158192091,0.06927966101694916,0.07510593220338983,0.008403954802259887,0.0007768361581920904,199,2024-04-01,5160941.590178523,5440206.674563875,2173094.2863602564,0.8701166436104157,196.75,307.15384615384613,229.92307692307693,-0.12470820184010985,2024-W14
12801,3908226.6286530574,2013,20988,286,39,2276,373170.9340789992,6633725.761758065,54366.135344,1807.5394769999998,753382.8866479982,1138,9,25602,0.8197797047105695,0.07862666979142255,0.08889930474181705,0.011171002265448012,0.0015233184907429108,261,2024-04-08,4987663.712889032,5356149.407020261,2234049.2141857576,0.6835985587536605,214.0,304.9230769230769,232.28846153846155,0.11593320856034371,2024-W15
16911,6887751.0296670385,2208,28848,229,22,2515,430557.3096370001,12397110.509079037,49821.026068999985,4374.281868000001,893638.9326809995,1224,8,33822,0.8529359588433564,0.06528295192478269,0.07435988409910708,0.006770740937851103,0.000650464194902726,296,2024-04-15,4939379.156746536,5350182.649003955,2358183.853664374,1.7984623949237313,234.75,307.84615384615387,237.21153846153845,0.23868715780336966,2024-W16
15578,6007479.119263027,2283,26513,258,39,2063,340120.91634100024,10994045.05709604,29405.803514999978,6080.346316,645306.1152579997,1138,7,31156,0.8509757350109128,0.07327641545769675,0.0662151752471434,0.008280908974194376,0.0012517653100526382,279,2024-04-22,5276218.9700907925,5318958.347889647,2468245.0880038934,1.3873831289108447,258.75,304.38461538461536,241.46153846153845,0.15318709038599898,2024-W17
18243,5059945.483674023,3663,29442,706,53,2622,419100.5110310004,8723190.429737002,36722.51192899991,5749.010448,935128.504202999,1795,8,36486,0.8069396480841967,0.10039467192895905,0.07186318039796086,0.019349887628131338,0.0014526119607520692,792,2024-04-29,5465850.565314286,5181811.517135341,2555174.7784356247,0.9780427479994573,407.0,320.38461538461536,254.80769230769232,2.100472253943874,2024-W18
42015,8001938.817061083,20457,53548,3413,156,6456,1899818.881836985,11730913.706600033,170451.0218530002,15821.554812999993,2186872.4690189995,6199,31,84030,0.6372486016898726,0.24344876829703677,0.07682970367725812,0.04061644650719981,0.0018564798286326311,4546,2024-05-06,6489278.6124162935,5362426.9469120335,2688949.376536203,1.9970931150906712,1478.25,626.5384615384615,337.09615384615387,6.497841887693845,2024-W19
67991,9262703.255811175,45334,80582,2472,110,7484,3766339.449730986,12488648.284450082,227384.26778799988,7470.668492000001,2035563.8411609982,8112,34,135982,0.5925931373269991,0.33338235942992456,0.05503669603329853,0.01817887661602271,0.0008089305937550558,4969,2024-05-13,7083016.668952327,5778134.409052199,2851699.8564289757,2.291417890579875,2646.5,983.3846153846154,431.11538461538464,4.98117473543676,2024-W20
63817,10174783.44403404,35716,80176,2733,1115,7894,2084736.325881999,15279686.500783015,271159.44171000004,11018.809204000014,2702965.810488997,10053,44,127634,0.6281711769591175,0.27983139288904213,0.06184872369431343,0.021412789695535672,0.008735916761991319,5507,2024-05-20,8124842.7501450805,6227876.072836663,3020802.0043776883,2.4105321132821813,3953.5,1387.3076923076924,534.5769230769231,4.324018974059129,2024-W21
78182,8176771.703246028,43001,100716,4320,123,8204,2371063.6874340037,11880944.382312989,287437.2351669998,5204.849271,1808893.2523069999,10656,38,156364,0.6441124555524289,0.2750057558005679,0.052467319843442224,0.02762784272594715,0.000786626077613773,4502,2024-05-27,8904049.305038081,6316521.438873508,3170822.3765723426,1.6532030500261683,4881.0,1705.6153846153845,619.9038461538462,3.0507375524335094,2024-W22
74208,11097626.71697995,40591,94824,3018,106,9877,3050777.3907459946,16594088.905779937,222302.33377300005,15457.320059999998,2312627.483601,10052,30,148416,0.6389068564036222,0.2734947714532126,0.06654942863303148,0.020334734799482536,0.0007142087106511428,3926,2024-06-03,9677971.280017799,6863153.273777192,3372531.944093419,2.4151754248665145,4726.0,1989.6153846153845,693.9230769230769,2.394303860696905,2024-W23
88896,14083746.414515141,39020,123058,2679,130,12905,4300086.409664988,20563933.674117938,299688.4125819999,18365.896936000005,2985418.4357290044,9873,38,177792,0.6921458783297336,0.21946994240460763,0.07258481821454284,0.015068169546436284,0.0007311915046796256,3851,2024-06-10,10883232.069693789,7592569.295062125,3631644.6503061135,2.984814364949752,4446.5,2271.076923076923,766.0769230769231,2.178418734510196,2024-W24
145687,25193971.12335826,55384,200877,3939,322,30852,5139381.728689987,37065883.62067913,364877.2832,30563.434713999995,7787236.179432996,13670,84,291374,0.6894129194780592,0.19007873042893325,0.10588453328025149,0.01351870791491348,0.0011051088978426351,5218,2024-06-17,14638028.989524845,8985883.284994528,4077258.83381585,4.5943469966158,4374.25,2656.076923076923,848.5769230769231,2.8283638729637115,2024-W25
128107,19413755.109231047,54484,175537,2685,194,23314,4161256.8054050067,29332451.29985596,179712.85669999997,9158.709371,5144930.547129998,12170,56,256214,0.6851186898452075,0.21265036258752448,0.09099424699665123,0.010479521025392836,0.0007571795452239144,3843,2024-06-24,17447274.8410211,10120778.30371338,4439011.091505254,2.973194925236907,4209.5,2937.6153846153848,921.1538461538462,1.8314854640020626,2024-W26
173407,29974205.068026174,61643,245732,3672,259,35508,6682756.265947976,43924990.08763999,328424.28075999994,15194.185930999995,8997045.315773001,14415,80,346814,0.7085411776917887,0.1777408063111639,0.10238341012761884,0.010587807873961259,0.000746797995467311,4603,2024-07-01,22166419.428782657,12095607.993347695,5001677.891690815,4.074860757080002,4378.75,3276.3846153846152,1008.4423076923077,2.1524892400193103,2024-W27
297680,68075335.44957739,108285,412116,6360,317,68282,16597707.735690959,97532915.80364898,972867.35668,38598.27682799999,21008581.726307973,19345,128,595360,0.6922131147540984,0.18188155065842515,0.11469027143241065,0.01068261220102123,0.0005324509540446117,7741,2024-07-08,35664316.68754822,17031539.441111106,6298915.205155997,5.799365464000925,5351.25,3851.769230769231,1154.9807692307693,3.4519265589315222,2024-W28
364341,52440341.50015374,201496,440370,4915,287,81614,15564658.639392938,76805106.81609271,809109.4928430002,31823.775799000003,11669984.27617901,22310,89,728682,0.6043376946322264,0.2765211711006996,0.11200221770264669,0.006745054770119201,0.0003938617943080795,8939,2024-07-15,42475909.28174709,20535584.861917775,7286223.320659624,3.642256960549949,6281.5,4516.615384615385,1324.173076923077,3.48334488238796,2024-W29
328756,54543780.143502854,186161,404585,4084,157,62525,9651806.13710198,87624993.19741496,594592.2484490001,28019.778575999997,11188148.92546399,23280,144,657512,0.6153271727360109,0.2831294333791627,0.09509332149071044,0.006211293482096144,0.00023877891201985667,6889,2024-07-22,51258415.54031504,24269146.479166992,8315099.971126969,3.305095887539639,7043.0,5025.076923076923,1445.826923076923,2.351171071340511,2024-W30
286939,37973220.613047354,159033,355013,3920,214,55698,9514750.163194971,55926762.641937435,544393.8110339998,35924.420947000006,9924610.188980991,24170,117,573878,0.6186210309508293,0.2771198756530134,0.0970554717204702,0.006830720118213279,0.0003729015574738882,8172,2024-07-29,53258169.42657034,26800936.873734172,9020139.429994535,1.991244730272272,7935.25,5592.7692307692305,1597.7692307692307,2.6410997256812214,2024-W31
314566,46017641.781325534,168798,404219,4975,257,50883,11730210.086206941,68652263.98354441,615724.4203600006,66706.640801,10970378.431737997,26077,104,629132,0.6425026862407253,0.2683029952378833,0.08087809871378343,0.007907720478373377,0.00040849932923456446,8348,2024-08-05,47743746.00950737,29725221.71713913,9889600.967153024,2.350924314319389,8087.0,5885.2307692307695,1753.7307692307693,2.487338498530443,2024-W32
441802,45933930.447884314,294495,529884,4566,295,54364,12283615.368902935,67910820.95863876,407843.5998169997,45371.630289,11220209.338118987,28600,165,883604,0.5996849267318844,0.3332884414285132,0.06152529866320207,0.005167473211981838,0.0003338599644184499,10127,2024-08-12,46117143.246440016,32546085.347298604,10758268.59944153,2.1847197506896214,8384.0,6282.0,1945.4615384615386,2.837157699756919,2024-W33
495256,37923547.405823596,345416,595814,4134,247,44901,10043616.244563092,55809851.96938958,495520.75574200077,17374.601963,9480731.239989,29082,143,990512,0.6015212334630978,0.3487246999531555,0.045331101490946095,0.004173599108339929,0.0002493659844605618,9005,2024-08-19,41962085.0620202,34680605.65205164,11475588.876025159,1.6061088441131803,8913.0,6551.076923076923,2117.173076923077,2.2715422499268256,2024-W34
380404,74223674.5241547,204560,489112,8349,302,58485,11874709.936205061,122551035.46706423,788975.3740080018,59568.044573999985,13173060.226458974,35350,187,760808,0.6428849328608532,0.2688720413034563,0.07687222006077749,0.010973859370563928,0.0003969464043490605,9481,2024-08-26,51024698.53979703,39761136.638275385,12892614.713910729,3.3068694981024342,9240.25,6934.076923076923,2298.2115384615386,2.2554613082611605,2024-W35
389627,58829905.593568824,218250,497483,6017,271,57233,14221720.234659212,89168938.35790543,1291409.8834890006,75715.730996,12902026.98008599,32111,132,779254,0.6384092991502129,0.28007555944531565,0.07344588542375144,0.007721487473917362,0.00034776850680266,6056,2024-09-02,54227764.49285786,43432850.398012996,14016189.915675322,2.295855761090386,8667.25,7097.923076923077,2413.4615384615386,1.134577472170915,2024-W36
466361,46039666.92968791,303796,555892,6029,303,66702,16813782.264291994,63542804.090849176,575351.5274350006,14942.916071999996,11132453.060726989,40050,215,932722,0.5959889441870139,0.3257090537158982,0.07151326976312342,0.006463876696378985,0.0003248556375854756,9822,2024-09-09,54254198.61330876,45890998.12994936,14893930.770093184,1.563765774789889,8591.0,7557.2307692307695,2599.8846153846152,2.1536462844895534,2024-W37
569267,105473236.50209047,383717,644184,8496,653,101484,62377834.46306801,123772527.02105702,750777.4747009998,39172.76737600001,24006161.277983014,49346,241,1138534,0.5658012848101155,0.33702726488624846,0.08913567798590116,0.0074622277419910165,0.0005735445757438952,17990,2024-09-16,71141620.88737547,52066326.23600569,16914125.438792195,3.7785789896901867,10837.25,8539.692307692309,2943.7884615384614,3.8037079253073713,2024-W38
1048644,234193632.95676106,715234,1208596,9712,496,163250,140972217.8068633,280298942.9296339,1784320.172906001,99734.060544,45232050.943550356,64449,417,2097288,0.5762661112827614,0.34102803239230856,0.07783861825366854,0.0046307421775168695,0.0002364958937446836,24069,2024-09-23,111134110.49552706,68587855.3012003,21402921.672435425,5.589424692802429,14484.25,10095.538461538461,3405.2884615384614,4.21630938534789,2024-W39
1224133,205280793.46228397,766503,1485742,9132,887,186002,123486088.3825894,244038886.08718905,3822765.897452,673563.3367529998,38540283.220578134,70662,642,2448266,0.6068548107109276,0.31307995127980376,0.07597295391922283,0.0037299868560033917,0.00036229723404237937,22950,2024-09-30,147746832.46270585,82072977.48537397,25332997.409541983,3.9377416051167216,18707.75,11506.846153846154,3844.980769230769,3.426073955541282,2024-W40
1575661,228885225.92672014,1389246,1575956,14841,2947,168332,120918917.27610156,299391154.08454084,4191961.083386986,771125.1076080018,32497294.301782057,92477,614,3151322,0.500093611506536,0.44084546104777617,0.05341631226513825,0.004709452096612152,0.0009351630839374714,42894,2024-10-07,193458222.2119639,94442969.0605388,29718480.4547121,3.718116700075154,26975.75,14210.923076923076,4667.384615384615,4.933638608051733,2024-W41
2355702,346036581.0834911,2084928,2360003,19219,5532,241722,171437402.16619724,476189364.4778112,6069047.664241985,923616.1737409977,37453731.68493919,125509,959,4711404,0.500912891358924,0.44252795981834714,0.05130572542707015,0.004079251110709249,0.0011741722849494545,57657,2024-10-14,253599058.35731405,117027295.18233398,36350108.08385505,4.483745738740182,36892.5,17958.46153846154,5773.134615384615,4.871231850918689,2024-W42
2732954,649906769.206486,1784781,3159301,101938,9760,410128,182712189.69340166,1007236510.5652915,24764818.429234244,2264753.8473159987,82835265.8776335,171631,1210,5465908,0.5780011299129074,0.32652964521173794,0.07503382786537936,0.01864978334798171,0.001785613661993579,64153,2024-10-21,357527342.4197453,162824448.18717885,48829538.869018026,5.494259886798807,46913.5,22363.384615384617,7004.307692307692,4.282229774412528,2024-W43
1589527,214483884.5391087,1178522,1817309,14644,561,168018,42673994.38220939,355495393.90448976,1804732.9683030015,73857.62849599999,28919790.194709145,111901,682,3179054,0.5716508747570819,0.3707146843054569,0.052851571568145746,0.0046064017786423255,0.00017646759067320027,25149,2024-10-28,359828115.18895143,176402191.56610665,52938445.47403596,1.4481407020301358,47463.25,23669.30769230769,7482.9807692307695,1.3043673207125452,2024-W44
1650837,182402519.05118278,1185366,1927912,20386,2319,165691,47130170.39005455,288540765.30125004,3490984.4952789936,530409.9706459999,25112707.945133172,105417,509,3301674,0.5839195511125569,0.3590196972808339,0.05018393699680829,0.006174443630715813,0.000702370979085155,21615,2024-11-04,348207438.4700671,186893335.97148025,56432857.20480855,1.117496448148128,42143.5,24689.846153846152,7896.346153846154,1.005598395425049,2024-W45
1541825,141836345.66686115,1017777,1889864,9466,2838,163705,34250588.14450255,229710003.77547312,940408.319795,70650.77560099991,18701040.318359945,102568,520,3083650,0.6128659218782936,0.33005594020073614,0.053088061226144345,0.0030697387835843886,0.0009203379112415482,18448,2024-11-11,297157379.61590964,194270444.8344785,59139410.59291777,0.731447511597542,32341.25,25329.923076923078,8246.98076923077,0.7459473087693181,2024-W46
1520232,180672803.78352517,893989,1972257,11266,2896,160056,61717031.84115729,276800134.7214115,1339072.149377002,46891.60352099997,21442477.251571022,104027,442,3040464,0.6486697425129848,0.29403045061543237,0.05264196517373664,0.0037053554983713013,0.000952486199474817,25777,2024-11-18,179848888.26016945,205251156.86353242,62603875.25577322,1.0358356683126617,22747.25,26620.076923076922,8740.01923076923,1.2311382744108497,2024-W47
1678571,158848286.3980044,880680,2300085,14831,2339,159207,59203960.29020782,236242884.61361352,1820702.6969880024,80349.77559499998,20348675.419617932,109788,461,3357142,0.6851318770549474,0.2623302797439012,0.0474233738102231,0.004417745808786164,0.0006967235821421912,25594,2024-11-25,165939988.7248934,211760742.39229012,65641568.81718142,0.8146637379547633,22858.5,27859.53846153846,9228.307692307691,1.1707748409859038,2024-W48
1887818,149635153.91978982,1409437,2191723,11814,4125,158537,61897619.205042124,216255814.72585768,1478383.0885559993,52786.3546660001,19585704.465479024,128289,425,3775636,0.5804910748811591,0.3732979026579893,0.041989482036933645,0.0031290092583077392,0.0010925311656102442,40464,2024-12-02,157748147.44204515,218745761.4943071,68502541.86939129,0.7078424544120459,27570.75,30506.30769230769,10004.26923076923,2.0905690597814517,2024-W49
3706900,195221106.29770678,2809561,4403656,13074,3109,184400,102370535.27297662,262703701.26030862,3780563.819971001,323173.1771910005,21264239.06497797,162511,511,7413800,0.5939809544363215,0.3789636893361029,0.02487253500229302,0.0017634681270063935,0.00041935309827618767,59893,2024-12-09,171094337.59975654,230221256.8303086,72242686.92494594,1.0644314717538186,37932.0,34357.92307692308,11153.326923076924,3.0353693639733765,2024-W50
3591167,191386678.88451225,2157731,4826618,22421,3116,172448,125886844.5432469,228197369.99026573,6613952.363233998,501210.0870910006,21573980.785175987,194161,594,7182334,0.6720124683703097,0.3004219798188166,0.02401002236877316,0.0031216871841381923,0.0004338422579623838,74218,2024-12-16,173772806.3750033,236829983.16741794,75910210.99784349,0.9934075698527713,50042.25,38683.153846153844,12578.423076923076,3.386187623700038,2024-W51
1988057,102996569.27757877,1537932,2269446,30979,3835,133922,43498656.4226038,141275439.05507106,4208166.1149719935,492834.6372050002,16518042.325313967,212396,733,3976114,0.5707698521722465,0.3867927328039387,0.03368162985266519,0.007791275602258889,0.0009645095688906304,66998,2024-12-23,159809877.0948969,226737901.34594238,77844136.5386512,0.21714544783683196,60393.25,41985.38461538462,13856.807692307691,2.708643146366358,2024-W52
1493219,93615444.23076393,1048954,1771797,37274,1240,127173,49453036.85458138,111953690.23225027,7129928.749833001,730705.2118640004,17963527.413005944,187112,520,2986438,0.593281025757106,0.3512391685345552,0.04258350583537981,0.01248108951198719,0.0004152103609718333,40166,2024-12-30,145804949.67264044,218148259.09736392,79439262.81266238,0.12278054427621941,60318.75,43309.692307692305,14600.01923076923,1.286471686466018,2025-W01
1939242,203343408.18017852,1328283,2341500,45359,1549,161793,94858884.62524213,268521708.3137421,11645223.468455993,1652079.0789339994,30008920.873968113,224172,595,3878484,0.603715266067876,0.342474791696962,0.04171552596323718,0.011695033420274519,0.000399382851650284,59939,2025-01-06,147835525.14325836,216183503.8860915,83253540.44869041,1.0332460677716555,60330.25,44620.846153846156,15747.115384615385,2.1314108851332945,2025-W02
1176676,91870325.83056931,756098,1473717,21502,1109,100926,28604715.422869284,134806573.82168522,3187424.1052730037,151027.23551699996,16990911.075797968,147440,419,2353352,0.6262203869204437,0.3212855535423515,0.04288606209355846,0.00913675472262543,0.0004712427210209097,32419,2025-01-13,122956436.87977265,196632253.4820206,84886329.04381908,0.060348167097288345,49880.5,42679.46153846154,16365.596153846154,0.7739485908922801,2025-W03
1014640,75417689.19155425,569999,1341995,16137,373,100776,16980862.579328854,117786091.11413383,1511295.2408049998,57840.264882999996,14499289.183957972,129430,454,2029280,0.6613158361586375,0.28088730978475124,0.04966096349444138,0.007952081526452732,0.00018380903571710164,15887,2025-01-20,116061716.85826652,152440785.7885643,86213334.70069994,-0.09370782360677281,37102.75,38966.692307692305,16664.884615384617,-0.03772821161284565,2025-W04
1372102,87627830.06258363,923698,1673920,24378,224,121984,23496868.86857715,116677876.57145803,4250867.466692,123808.54100599997,30706238.677436985,196521,629,2744204,0.6099838058686599,0.33659961139915257,0.04445150579184346,0.00888345035573157,8.162658461251424e-05,40841,2025-01-27,114564813.31622143,142682627.7519085,87766891.92722116,-0.001212846106988691,37271.5,40173.769230769234,17439.05769230769,1.1273815592243643,2025-W05
1063119,81448676.53274773,716327,1285766,25824,1006,97315,23194010.005433988,100675532.83179052,5644800.507585996,488823.38202900015,32894186.338655055,209526,567,2126238,0.6047140536478043,0.3368987855545804,0.04576862985234955,0.012145394824097773,0.00047313612116799716,38336,2025-02-03,84091130.40436372,134916947.55818275,89224483.04842855,-0.06816492875266639,31870.75,41460.0,18165.403846153848,0.9689704028370751,2025-W06
1202936,97526183.50031453,737272,1521026,19857,253,127464,24935284.602481052,128636599.74119604,3695620.851686,434929.3926210001,37349932.4126521,166189,393,2405872,0.6322140163732733,0.3064468932678048,0.05298037468327492,0.008253556298921971,0.0001051593767249463,17323,2025-02-10,85505094.82180002,131508473.54537147,91025784.5340502,0.0573041656003647,28096.75,41373.46153846154,18492.19230769231,-0.05658148385728652,2025-W07
1192596,93289635.5333187,676337,1563013,21191,640,124011,20092927.55646731,122663789.29003844,5876759.452131995,413278.83765799995,37532515.93034809,183847,520,2385192,0.6552986090847194,0.2835566277264053,0.051992040892305524,0.008884400081838275,0.00026832221473156037,20863,2025-02-17,89973081.40724114,124786691.37227868,92736582.49017486,0.004904148809560332,29340.75,40995.46153846154,18888.48076923077,0.09629799024642169,2025-W08
1010480,87910042.58980668,596239,1299137,11581,322,113681,13649457.823623002,119632037.28271596,4298440.099325,582274.171438,37657875.80251511,171383,416,2020960,0.6428316245744596,0.2950276106404877,0.056250989628691316,0.005730444937059615,0.000159330219301718,19370,2025-02-24,90043634.53904691,119329903.38703269,94292075.96411793,-0.056919918844479445,23973.0,40516.692307692305,19253.98076923077,0.005705035254847531,2025-W09
997637,96152225.69356805,605674,1273365,12912,191,103132,18457947.258001015,139136842.20238784,4966423.767177001,799213.7766450001,28944024.382927984,164952,422,1995274,0.6381905442560771,0.3035542988080835,0.05168813907262862,0.006471291662197774,9.572620101299371e-05,15102,2025-03-03,93719521.82925197,115215831.98501562,96064399.28777824,0.0007884326045864801,18164.5,38565.769230769234,19539.903846153848,-0.2200528432346153,2025-W10
1022639,71731347.8538678,679614,1253259,8218,127,104060,14122876.238018882,99775500.8665514,4072695.677096001,681397.387331,24810225.538739987,158372,354,2045278,0.6127572877623482,0.33228441317023893,0.05087816912908661,0.004018035690013778,6.209424831245434e-05,14157,2025-03-10,87270812.91764031,105716619.79702803,97355361.01308702,-0.23147311271858803,17373.0,35047.61538461538,19808.46153846154,-0.28261530771695936,2025-W11
941110,96434749.55868763,593672,1176521,17871,245,93911,17185312.81598786,139092888.24059933,4546846.100635,677067.5695789999,31367384.39057503,155525,446,1882220,0.6250709268842112,0.31541052586838947,0.04989374249556375,0.009494639308901192,0.00013016544293440724,12751,2025-03-17,88057091.42398253,98412625.23350303,99073704.4804803,-0.02399878674943746,15345.0,30319.384615384617,20049.576923076922,-0.3680386847430865,2025-W12
950488,95808022.27357133,567269,1221969,16265,193,95280,16686438.000424819,144487048.48362687,2593567.436444002,755948.0076140001,27093042.61903199,137311,340,1900976,0.642811376892712,0.29840934341096365,0.0501216217353612,0.008556131166306151,0.00010152679465706037,7432,2025-03-24,90031586.3449237,97859660.07934864,100826548.75755118,-0.04597783860325338,12360.5,25737.384615384617,20188.98076923077,-0.6471109873679244,2025-W13
932013,74866998.29723243,555873,1219014,6179,266,82694,17927147.381724082,105741157.57883957,2430987.5160429995,658678.5245229999,22976025.59333597,128756,327,1864026,0.6539683459350889,0.29821096916030143,0.04436311510676353,0.003314867925661981,0.00014270187218418627,7047,2025-03-31,84710279.4958398,96417471.93061544,102183579.12667526,-0.252083526809978,10346.75,23189.76923076923,20320.673076923078,-0.6772235752204292,2025-W14
869674,83787805.80430272,497488,1145170,12048,262,84380,16643578.602256048,122406075.33985466,1894627.2784779991,732760.5931260001,25898569.79489397,124517,363,1739348,0.6583903853627912,0.28601981892065304,0.04851243109487003,0.006926733465643448,0.0001506311560423791,8039,2025-04-07,87724393.98344854,87220887.13247114,103719724.88005313,-0.1854036405656045,8817.25,19197.46153846154,20470.25,-0.6383735171818642,2025-W15
1185183,125821519.7493113,627796,1598949,15216,427,127978,27602830.40749559,186670552.67748824,3369611.476292997,396549.99414499995,33603494.94320195,130325,326,2370366,0.6745578530910417,0.26485192582073824,0.05399081829557123,0.006419261835514009,0.00018014095713488973,12593,2025-04-14,95071086.53110445,89832517.43391283,106006912.74004629,0.18576147659662992,8777.75,17672.384615384617,20706.73076923077,-0.4204573663613802,2025-W16
1008404,130204017.83677116,376479,1495175,10612,362,134180,23390412.77024619,197508070.75733116,4302138.116080998,778156.271119,34429257.7587701,98390,256,2016808,0.7413571346404814,0.18667071927521112,0.06653087453044614,0.005261780000872666,0.0001794915529886831,7217,2025-04-21,103670085.42190441,94046850.40662183,108395307.715383,0.20618874701575454,8724.0,17005.46153846154,20840.153846153848,-0.710390475941441,2025-W17
1291315,134418172.45812404,640614,1732671,12328,656,196361,28756759.73896991,199452088.02205375,5818249.022569994,1129710.382255,33679537.750400074,111950,341,2582630,0.6708940111436791,0.24804714573903347,0.07603140984190535,0.0047734286366997985,0.0002540046386822735,9573,2025-04-28,118557878.9621273,97646107.51397108,110882965.92643012,0.2245523970505416,9355.5,14600.23076923077,21009.01923076923,-0.6007848560414134,2025-W18
1225413,127181858.56782037,496040,1771415,17260,667,165444,26016377.923581388,192883913.53259945,2112253.726194001,151575.75980700002,33199596.193463232,112007,421,2450826,0.722782849537258,0.2023970693961954,0.06750540430042769,0.0070425236226480375,0.00027215314347081354,11765,2025-05-05,129406392.15300673,101164044.59359206,113174887.46009856,0.13492383537803954,10287.0,12556.307692307691,21147.846153846152,-0.49543004834519677,2025-W19
1007883,95789508.84980284,430210,1453815,7001,180,124560,15909444.167527009,151038935.35866624,423396.014026,38527.917296,24168714.242093977,113638,330,2015766,0.7212221061373195,0.2134225897251963,0.06179288667434613,0.003473121384128912,8.929607900917071e-05,4450,2025-05-12,121898389.4281296,101030454.23586038,114838864.49075225,-0.18529737844319283,8251.25,11566.076923076924,21137.865384615383,-0.8807367946485356,2025-W20
1141457,178132410.53446096,371790,1741479,9356,484,159805,34478445.73544626,277406120.6885667,3724809.6491189995,408519.88654899993,40246925.10924018,89869,260,2282914,0.762831626596534,0.1628576459735233,0.07000044679738264,0.00409827089412917,0.00021200973843079504,6249,2025-05-19,133880487.60255204,107556821.54364055,118068818.85787582,0.5883548359784707,8009.25,10441.923076923076,21152.134615384617,-0.7870310019133994,2025-W21
981471,93623804.72867738,334933,1513336,3902,144,110627,10171955.396285897,159078722.32236645,796999.514982,27233.679883999997,17172698.543838996,82942,240,1962942,0.7709529879130407,0.17062806746200346,0.056357752801662,0.0019878325493060925,7.335927398771843e-05,5838,2025-05-26,123681895.6701904,107996341.70816907,119712031.03144182,-0.2583878978916077,7075.5,9401.0,21177.826923076922,-0.8110409177736827,2025-W22
1103277,100815417.5449947,341373,1738803,5988,260,120130,11923024.536485875,173745181.70621815,911382.9679520002,62029.53672899999,14989216.34260794,76387,217,2206554,0.7880174244546021,0.15470865430893602,0.05444235672455784,0.002713733722356217,0.00011783078954786513,7074,2025-06-02,117090285.41448396,108355048.77366345,121437373.16274978,-0.2065642458569432,5902.75,8783.461538461539,21238.365384615383,-0.7509304911827824,2025-W23
1400621,154729086.49672654,403286,2216634,10273,496,170553,26595080.162563417,252863256.8012229,2629788.5044839997,400460.3632430001,26969587.161938105,82247,208,2801242,0.7913040001542173,0.14396685470230705,0.060884778965901554,0.003667301861103039,0.00017706431647105105,9296,2025-06-09,131825179.8262149,114739490.20772949,124142091.24125387,0.3096879243420709,7114.25,8409.538461538461,21343.076923076922,-0.641520881536793,2025-W24
1327801,147440678.96145937,418321,2093952,8625,378,134326,24372582.22329838,247339285.19060436,2232134.947901999,370553.101304,20566802.45981101,126008,313,2655602,0.7885036989729636,0.15752398137973989,0.050582127894164865,0.0032478511463690718,0.00014234060676260977,8949,2025-06-16,124152246.9329645,118663023.23871194,126492989.46890965,0.21415385659193487,7789.25,8117.076923076923,21414.826923076922,-0.6657972253298503,2025-W25
1324438,179643035.22174236,598815,1883838,5550,315,160358,42630620.66496886,290281977.51554143,2800395.456697999,258713.17516699995,23314363.631104007,80534,290,2648876,0.7111839134787736,0.22606380970645662,0.06053813013519697,0.0020952283157082475,0.00011891836386452216,7345,2025-06-23,145657054.55623072,125111870.38857123,129574321.77876565,0.516725309827956,8166.0,8110.384615384615,21482.173076923078,-0.7574193531688806,2025-W26
1368163,103739953.11546569,647144,1917874,7048,238,164022,21611230.139336515,168883868.37590995,1242832.5177079993,114892.86176800005,15627082.336210936,94141,353,2736326,0.7008938262473112,0.23650106018069483,0.05994241914157889,0.002575716489921157,8.697794049393237e-05,7925,2025-06-30,146388188.4488485,127332866.91305073,130992893.856601,-0.2840483088782894,8378.75,8177.923076923077,21546.05769230769,-0.7318574941232978,2025-W27
1402104,92348862.15167773,604977,2062452,7883,328,128568,15758000.782758921,157468570.4422408,648292.094363,30721.532626,10792139.451366968,107677,235,2804208,0.7354846716078123,0.21573898940449496,0.04584823950291847,0.002811132412431603,0.00011696707234270781,15791,2025-07-07,130793132.36258629,127991409.70900264,131459692.44702601,-0.40871860334649607,10002.5,8774.23076923077,21700.865384615383,-0.3189722249369407,2025-W28
1513589,105273252.02055125,697752,2182688,6638,292,139808,21371104.35433304,174377730.50471604,1383829.0282470002,149558.35322600004,13264281.800582973,122525,309,3027178,0.7210306100268964,0.2304958611617817,0.04618426798820552,0.002192801348318467,9.645947479798017e-05,15132,2025-07-14,120251275.62735924,126410773.72986725,132475709.95703366,-0.285996568448014,11548.25,8969.538461538461,21819.96153846154,-0.3622164854693761,2025-W29
1442062,101694892.13817143,480127,2276876,4332,236,122553,14385741.123620903,174764086.25481075,950810.6713970012,102001.54641299999,13187144.680100951,87527,293,2884124,0.789451493763791,0.16647238468248937,0.042492278417987576,0.00150201586339561,8.182727233641827e-05,7226,2025-07-21,100764239.85646653,124217764.0607442,133382462.11077729,-0.33503326564641583,11518.5,8970.23076923077,21826.44230769231,-0.790978696455041,2025-W30
1398800,94473830.66323385,491565,2154820,6107,288,144820,13826386.115255857,161632712.9431638,721312.4458880005,78385.379868,12688864.44229198,82123,284,2797600,0.7702387760937947,0.1757095367457821,0.051765799256505575,0.002182942522161853,0.00010294538175579067,7260,2025-07-28,98447709.24340856,121145122.3842142,134469012.30405012,-0.42646062938860513,11352.25,8792.307692307691,21808.903846153848,-0.7876039078472693,2025-W31
1577241,118859522.80624174,673024,2304717,6050,331,170360,18364988.31559295,204404741.2156924,862482.7536460012,116921.41638499999,13969911.91116698,83441,314,3154482,0.7306166273892195,0.2133548392414349,0.05400569729039506,0.0019179060143630555,0.00010493006458746634,10658,2025-08-04,105075374.40704957,120504942.7102466,135869817.70837542,-0.1829507194071662,10069.0,8707.153846153846,21853.326923076922,-0.607052456430995,2025-W32
1503204,113929092.48182435,609691,2263511,3985,191,129030,13167278.736156924,201362136.01124394,407115.15858299984,44563.35474299999,12877091.702924,89477,293,3006408,0.7528954819172914,0.20279715860255826,0.042918326454692776,0.0013255020609311842,6.35309645264382e-05,9086,2025-08-11,107239334.52236785,121900295.29732516,137177416.97825888,-0.2522538921368244,8557.5,9063.76923076923,21833.30769230769,-0.6906995945167319,2025-W33
1421547,122520226.53946951,385212,2349360,3835,180,104507,12401457.264478887,216072613.21891677,916533.8765210003,91143.669221,15558705.049802998,81349,280,2843094,0.8263391924431622,0.13549041994390618,0.036758193714312645,0.0013488825905861714,6.331130803272772e-05,6921,2025-08-18,112445668.12269235,117622434.99001814,138804276.19236746,-0.17871634970548816,8481.25,9115.461538461539,21793.23076923077,-0.8045006870580828,2025-W34
1350960,134027423.44242883,286301,2313874,5408,270,96067,14049926.458235914,237011042.16466194,1508172.8518369999,305415.27211600007,15180290.138005974,65074,250,2701920,0.8563813880499793,0.10596205661159472,0.0355550867531237,0.0020015396458814474,9.992893942085629e-05,7004,2025-08-25,122334066.31749111,120730405.66030672,139954348.28694966,-0.06537393180218948,8417.25,9205.153846153846,21745.596153846152,-0.795905497611054,2025-W35
1552223,148615867.38245636,466437,2506916,6731,436,123926,20247308.362025034,256252660.47063756,1724100.1589500005,247384.40168100002,18760281.371617958,67735,366,3104446,0.807524434311307,0.15024806358364745,0.039918877635494385,0.002168180731763413,0.00014044373778767614,8264,2025-09-01,129773152.46154475,124407363.34011146,141681001.39827442,0.07710659003683826,7818.75,9296.692307692309,21788.05769230769,-0.7315197671411432,2025-W36
1936262,177434253.08458555,550381,3169430,10866,588,141259,27432195.569931768,302206476.5044804,2677565.356564994,231231.77175299995,22321036.966430973,94822,509,3872524,0.8184403763540264,0.1421246194988075,0.03647724326563244,0.002805921925855075,0.00015183895567851872,12608,2025-09-08,145649442.61223507,126153914.61610061,144207820.36279166,0.3731619674731666,8699.25,9551.461538461539,21841.634615384617,-0.5002979694351608,2025-W37
1994848,153180405.70115873,718987,3117840,9113,376,143380,19824517.23375987,267388665.77073085,1088615.9151630003,141173.38941899998,17917839.093237966,128247,507,3989696,0.7814730746402734,0.18021097346765266,0.035937575193698966,0.0022841339290011068,9.424276937390719e-05,15975,2025-09-15,153314487.4026574,126595432.05761594,145125265.9243122,0.09063046343021502,10962.75,10091.923076923076,21802.884615384617,-0.3155900785108652,2025-W38
2474540,171097792.22357297,591448,4192499,9908,619,154606,23877684.366650425,288704999.01981777,2097253.263967002,387772.99271699996,27127874.803993028,100105,416,4949080,0.8471269407647481,0.11950665578248887,0.03123934145336103,0.0020019882483209,0.000125073751081009,14084,2025-09-22,162582079.59794343,125938105.67314139,143911884.37175092,0.3086988599176831,12732.75,10610.307692307691,21610.865384615383,-0.40697870343125725,2025-W39
2950313,247471367.9797645,905881,4736482,18260,873,239130,57444217.64393666,377900163.4662227,2389474.917792999,334442.52642999985,56874437.40511924,157725,641,5900626,0.8027083906012684,0.1535228635063466,0.04052620857515796,0.0030945869133207223,0.0001479504039062974,30211,2025-09-29,187295954.74727044,136994368.3550105,144723241.57401016,1.156635866560632,18219.5,12324.615384615385,21750.5,0.45653032183842823,2025-W40
3287257,279681220.7324689,954701,5304363,44603,1295,269552,74021007.24134086,409373768.1462004,16381171.800864987,647980.7311369999,58938513.54534248,167698,855,6574514,0.8068068605527344,0.1452124065748434,0.04099953243692234,0.006784227701089388,0.00019697273441048266,42036,2025-10-06,212857696.65924126,151404549.78430218,145700087.62796685,1.4878823711374425,25576.5,14343.461538461539,21734.0,1.0966138453907597,2025-W41
4084002,315959835.0566025,1195337,6526095,69465,1594,375513,78524864.38363072,463213236.1952351,5750431.562062984,391163.89433800004,84039974.07784608,212451,1034,8168004,0.7989828359535573,0.1463438313693284,0.04597365525286227,0.008504525707871838,0.00019515171638015847,54155,2025-10-13,253552553.9981022,167611210.01784456,145121688.66591132,1.9233235232032724,35121.5,17345.23076923077,21666.653846153848,1.7670110369558047,2025-W42
5052397,392530009.1265058,1350901,8220140,68710,2211,462832,81191693.95703855,589582417.9694507,9124655.957706982,657877.6197659998,104503372.74888995,242165,1201,10104794,0.8134891220939289,0.13368911825416727,0.04580320984277364,0.0067997427755578195,0.0002188070335723816,56043,2025-10-20,308910608.2238354,189983142.09387028,140172135.58745015,3.956258295835479,45611.25,21100.384615384617,21510.69230769231,1.9131568995078938,2025-W43
5381987,361867785.43150586,1286605,8957369,57648,1410,460942,75731885.77240327,536771075.2016577,15041443.67207498,515399.4839090001,95675766.7328341,212820,1310,10763974,0.8321618948540753,0.11952880971284398,0.04282266010675983,0.005355642813704307,0.0001309925126166228,41441,2025-10-27,337509712.5867708,210551907.84527582,143006441.37384242,3.1214929431266007,48418.75,23729.69230769231,21824.0,1.0746369196272592,2025-W44
5665170,358700136.83157104,1318305,9495133,47358,1111,468433,73243321.50157496,545663207.4834315,19475497.164725985,444975.638162,78573271.87508503,217021,1409,11330340,0.8380271907109583,0.11635175996483778,0.04134324300947721,0.0041797510048242155,9.805530990243894e-05,35906,2025-11-03,357264441.6115463,229001185.8472242,146396780.1773114,2.791027031360316,46886.25,25671.846153846152,22098.826923076922,0.7520816145082577,2025-W45
5521540,336687263.23830926,1490998,9042381,43824,847,465030,62010761.417193875,530209910.078547,9783009.585739994,163927.21225699998,71206918.18279773,225687,1358,11043080,0.8188278089083842,0.13501649902020088,0.04211053437990126,0.003968458075102236,7.66996164113635e-05,32914,2025-11-10,362446298.656973,246136429.7515692,150143913.20753157,2.317106488950408,41576.0,27504.76923076923,22377.01923076923,0.5722971604159431,2025-W46
6195805,376724355.893325,1597968,10214259,43346,1313,534724,69509900.17853402,602450053.030063,6407692.147749997,273133.154662,74807933.27548195,229512,1349,12391610,0.8242882886081793,0.1289556401468413,0.04315210049380185,0.0034980119613189893,0.00010595878985862209,29890,2025-11-17,358494885.34867775,265690593.54801962,153914135.36348924,2.580500113051609,35037.75,29271.615384615383,22456.115384615383,0.40323875302357465,2025-W47
7227191,407621816.57116467,1223169,12653858,33062,997,543296,69347577.06140605,662354979.2441179,6146368.5264199935,148877.60927299995,77245830.70096658,212228,1357,14454382,0.8754340379270452,0.08462271164550653,0.03758694076301567,0.0022873340416767734,6.897562275578437e-05,26104,2025-11-24,369933393.1335925,286736316.0963839,158698241.71297312,2.6697306932587224,31203.5,30740.846153846152,22465.923076923078,0.19732178517937737,2025-W48
8984512,476241738.9754524,1315981,16027208,43856,1848,580131,94324740.35752729,751560514.35222,14647224.298019977,1675608.7938649997,90275390.14909907,219781,1386,17969024,0.8919353661055825,0.07323608672346367,0.03228505899930903,0.002440644522484916,0.00010284364915979855,32120,2025-12-01,399318793.6695628,311938306.2189221,164979137.57942817,3.0191437109955004,30257.0,32575.923076923078,22305.46153846154,0.5359193185957221,2025-W49
9121650,372537978.6721399,1188248,16543569,35364,1261,474858,53437728.96138514,615809844.9304754,7271195.736878996,275930.20492099994,68281257.51047572,210631,1251,18243300,0.9068298498626893,0.06513339143685627,0.02602917235368601,0.0019384650803308612,6.912126643754145e-05,25515,2025-12-08,408281472.5280205,326946285.1102724,168389077.43278265,1.908368636893183,28407.25,33568.769230769234,21644.346153846152,0.2207528797341002,2025-W50
10824519,495212071.88037854,1272263,19814534,42457,1699,518085,78110668.85655715,818313019.9612298,10512664.081367975,1404498.2431070006,82083292.61832482,212699,1137,21649038,0.9152616388774412,0.058767645934198094,0.02393108645289458,0.0019611494977282594,7.847923773795399e-05,28339,2025-12-15,437903401.52478385,353256413.27790475,174231873.45193392,2.7632761188666244,28019.5,34519.846153846156,20762.05769230769,0.47605160468665,2025-W51
11087689,461235642.6298809,1254062,20428744,27106,1247,464219,65715900.86148394,776966240.4986631,7445675.103118979,769124.3858830002,71574344.41048685,205869,1155,22175378,0.9212354350848044,0.05655200105269908,0.0209339836281483,0.0012223466946087683,5.623353973943533e-05,26296,2025-12-22,451306858.0394629,375574709.46300536,181121086.40101668,2.2901652533070056,28067.5,35459.230769230766,19979.326923076922,0.4344615548015264,2025-W52
13732046,520637436.49566746,1426552,25533389,33533,1510,469108,81312397.70030066,883922452.5309768,7497184.284903983,1244727.476749,67298110.99824598,199432,1017,27464092,0.929700825354066,0.05194244178908227,0.017080775872728653,0.0012209761021773448,5.498088194577851e-05,34314,2025-12-29,462405782.4195167,396587483.96422863,189333047.79072633,2.5408741159316017,28616.0,35774.846153846156,19866.78846153846,1.0031554718654843,2026-W01
14015562,496904133.98663956,1764768,25642505,51517,2459,569875,72159340.66620065,844741753.9991992,9712451.379190987,837634.7499270007,66357087.1786038,236405,1384,28031124,0.9147868990198181,0.06295744687226955,0.02033008023509867,0.001837849955642164,8.772391717149836e-05,45094,2026-01-05,493497321.24814165,413296938.82993406,194978446.36392748,2.2008437745528457,33510.75,36010.07692307692,19581.30769230769,1.859120065755266,2026-W02
10639128,445013585.4797358,1672962,19057411,49721,2258,495904,66477714.35459408,757268115.3962059,12016494.19754497,792416.1708730003,53472430.84013378,221062,1259,21278256,0.8956284293224032,0.07862307888390853,0.023305669412004442,0.0023367046622617942,0.00010611771942211806,43187,2026-01-12,480947699.6479809,423224150.40094435,201769662.89564225,1.7290766162909585,37222.75,35166.38461538462,19788.384615384617,1.6714517029395362,2026-W03
13958759,578686115.9414806,2214539,25007989,67873,2565,624552,102768370.47463079,957475654.6108141,19466108.52285898,2060583.8840469993,75601514.39038411,280019,1288,27917518,0.8957812438770524,0.07932435111172849,0.022371329714912336,0.0024311975011532187,9.18777951535663e-05,50372,2026-01-19,510310317.97588086,437543850.92517316,211447901.87160236,2.4665470453479315,43241.75,34730.153846153844,20451.55769230769,2.047401966021528,2026-W04
13026225,545154694.4388546,2327876,23070654,66227,2680,585013,142355924.62149635,844496180.951478,20135612.507945,1273278.6603259994,82048392.13624474,279311,1267,26052450,0.8855464265357001,0.08935343892800869,0.022455200950390462,0.002542064182063491,0.00010286940383725906,51120,2026-01-26,516439632.4616777,451642843.9257384,220246495.41729987,2.098519973608534,47443.25,35474.692307692305,20649.23076923077,2.0367520502144836,2026-W05
22830890,815287076.6590289,2784804,42027527,71120,2508,775821,163153256.66433454,1336645189.5822814,26151612.14973506,2463422.317558,102160672.60373889,278099,1373,45661780,0.9204093007324725,0.06098763561122672,0.016990599140024765,0.0015575389308082163,5.4925585467758814e-05,46295,2026-02-02,596035368.129775,486764916.2201583,234358772.34280527,3.335513213977892,47743.5,36273.846153846156,20802.28846153846,1.6789180313293939,2026-W06
26255068,743580739.9465764,3108046,48490964,75045,2961,833120,119668533.05869012,1225260210.7133827,20158942.902157955,1069955.0555830004,121003838.16263416,297505,1175,52510136,0.9234591203496407,0.05918944868091753,0.015865889206609557,0.001429152649690338,5.6389113141889404e-05,61323,2026-02-09,670677156.7464851,518064414.42848647,246782898.42831033,2.6595550542543,52277.5,38459.153846153844,21648.44230769231,2.452125017677971,2026-W07
37023304,673581859.4904617,3273043,70035916,46336,1837,689476,83114312.94680165,1163820576.211086,9008373.925997982,408764.512737,90811691.38353465,248946,882,74046608,0.9458355742642526,0.04420247042241287,0.009311378584688173,0.0006257680297792979,2.4808698867070318e-05,47213,2026-02-16,694401092.6337304,540899607.0128816,257942364.27364,2.135672321640493,51487.75,39791.692307692305,22155.173076923078,1.5129093020445956,2026-W08
34588419,740485738.2947886,3040167,65357086,56834,2327,720424,99174650.63456772,1269368286.1991844,9695373.797013987,555997.670215,102177168.28819418,302587,949,69176838,0.9447827898696382,0.04394775893052527,0.010414237204655119,0.00082157556840051,3.363842678094075e-05,50148,2026-02-23,743233853.5977138,566504524.0685451,270491896.8833512,2.301177643419111,51244.75,41641.230769230766,22747.05769230769,1.611325052630853,2026-W09
38987406,935260777.4561296,3536211,73477915,72202,3704,884780,152496001.80539814,1571752755.7548723,15751360.60786296,1858908.568713,128662528.17477968,347208,1110,77974812,0.9423288510140941,0.04535068324371209,0.011346997540693012,0.0009259656823539376,4.750251914682398e-05,56253,2026-03-02,773227278.7969891,601813680.874751,286628599.801862,2.9148608510233336,53734.25,43497.61538461538,23538.423076923078,1.8598465044109842,2026-W10
37933981,821093669.4924095,3557634,71497915,59104,2533,750776,147517025.2935346,1390626249.8602889,10476498.794866974,997292.4065750001,92570272.62958992,328053,1032,75867962,0.9423993094740043,0.04689244189793842,0.009895824010667374,0.0007790376654641125,3.3386951925768085e-05,55170,2026-03-09,792605511.1834474,636317964.7840024,301039413.67952627,2.2379243365348076,52196.0,45778.769230769234,24327.134615384617,1.706489848777703,2026-W11
26360911,618378250.084331,3118809,48935095,67395,2838,597685,131182930.55758205,1008208087.7802861,16623230.893784927,1615745.5728570004,79126505.36383714,308926,851,52721822,0.92817533885684,0.059155941158482724,0.011336577100844503,0.0012783131812098604,5.3829702622948046e-05,53359,2026-03-16,778804608.8319147,645792286.1843065,311076788.68963474,1.3097116595923843,53732.5,47703.38461538462,25108.05769230769,1.5322539959513144,2026-W12
26713284,628295215.7908711,3152708,49598378,62209,3327,609946,125669118.6276624,1053152785.8951243,11442815.298026973,771525.8386449997,65554185.921778895,306150,906,53426568,0.9283466982195075,0.05901011646490188,0.011416529693616105,0.0011643832334504436,6.227238852400176e-05,46892,2026-03-23,750756978.2059354,658643022.5813057,321316927.02650595,1.2971026521978835,52918.5,49287.692307692305,25866.903846153848,1.1360223266351732,2026-W13
40914476,901976261.5556755,5094495,75632154,78558,4178,1019567,213096724.2116604,1429503885.4508123,24853765.382340223,4097254.5221339962,132400893.54390371,369084,943,81828952,0.9242713263638034,0.06225785465271509,0.012459734300397736,0.0009600269596511513,5.1057723432654984e-05,54088,2026-03-30,742435849.2308218,687976778.3551526,337222874.39686054,2.2833965675260264,52377.25,50808.769230769234,26771.53846153846,1.4593554151526587,2026-W14
36581857,815505227.9749227,4508623,67771566,50663,2501,830361,132998735.7480737,1401211215.4140224,6509418.303351989,1300401.3067770002,88990685.1770714,317267,709,73163714,0.9263002422211645,0.06162375791912368,0.01134935550155368,0.000692460746320232,3.418361183796656e-05,36083,2026-04-06,741038738.8514501,712484554.8157897,351294363.2847571,1.8321453472963414,47605.5,50115.61538461538,27310.846153846152,0.47235026656706136,2026-W15
35725792,1036908165.7222261,4983274,65471360,71111,4993,920846,211581809.20802385,1708784988.2860334,28745747.270291407,7798595.0441270005,116905191.63549696,341224,778,71451584,0.9163038288976211,0.06974336636119921,0.012887691894976044,0.0009952333596971062,6.987948650655527e-05,46007,2026-04-13,845671217.7609239,758014907.142135,368815260.3226979,2.4880463513954494,45767.5,50332.53846153846,27953.423076923078,0.9690574482933012,2026-W16
30874218,775758598.0908401,4719712,56192182,66781,5387,764374,145663854.07128593,1304623011.2784278,10813022.40975996,1858677.3522929996,88558631.06957524,318595,691,61748436,0.9100178990768284,0.07643451892449551,0.01237883984624323,0.0010815010763997326,8.724107603308365e-05,37569,2026-04-20,882537063.335916,773174328.845932,381229771.48142993,1.4495612052868312,43436.75,49347.692307692305,28537.115384615383,0.4897416974368322,2026-W17
